prob,dialectness,score,macro_score,SpBLEU_corpus_score,ChrF_corpus_score
0.5688987550651654,0.4609677732820273,0.3313089631173206,0.35445628701827453,0.3542372808903075,0.5312782178968981
