prob,dialectness,score,macro_score,SpBLEU_corpus_score,ChrF_corpus_score
0.5959211909107398,0.6723508408199996,0.4665869524013038,0.5008854015595955,0.17245642729278593,0.35724978706139615
