prob,dialectness,score,macro_score,SpBLEU_corpus_score,ChrF_corpus_score
0.6075933011766756,0.4912962907954352,0.3683042157871347,0.39591470139220436,0.34027884949313747,0.5256817953740008
