prob,dialectness,score,macro_score,SpBLEU_corpus_score,ChrF_corpus_score
0.6994803223293274,0.5687698013277259,0.44677426426512257,0.4747026119851614,0.1882558146770946,0.3872904256315232
