prob,dialectness,score,macro_score,SpBLEU_corpus_score,ChrF_corpus_score
0.6012519282105495,0.6856424763903487,0.46693216083216865,0.5039538477330902,0.1645473499047651,0.34844422607949777
