prob,dialectness,score,macro_score,SpBLEU_corpus_score,ChrF_corpus_score
0.28931244298299136,0.5108224978204816,0.18186670307592365,0.4153336277392804,0.09339626741527741,0.26980029767133323
