prob,dialectness,score,macro_score,SpBLEU_corpus_score,ChrF_corpus_score
0.22574305057903984,0.43209736464341403,0.10061090744673297,0.31611824002765476,0.2568164967296619,0.4625588183764755
