prob,dialectness,score,macro_score,SpBLEU_corpus_score,ChrF_corpus_score
0.6041484988592856,0.6493968011709512,0.45825041322020743,0.48910671032168146,0.15004234636776864,0.35077138784503764
