prob,dialectness,score,macro_score,SpBLEU_corpus_score,ChrF_corpus_score
0.10851436213317356,0.3942279895514366,0.047652190774920396,0.07184511553866023,0.4081856061050525,0.574033167935676
