prob,dialectness,score,macro_score,SpBLEU_corpus_score,ChrF_corpus_score
0.6052780035801697,0.6678476837737253,0.4624996939032192,0.5038934256939626,0.15317051730566758,0.35282776669995536
