prob,dialectness,score,macro_score,SpBLEU_corpus_score,ChrF_corpus_score
0.2428547898731631,0.6505145661748247,0.1787490020318583,0.501245580036625,0.1467684527989636,0.33541340793795255
