prob,dialectness,score,macro_score,SpBLEU_corpus_score,ChrF_corpus_score
0.6522621816245373,0.5496307524474104,0.4075774385476009,0.4415211355978352,0.19154515761060067,0.389932255024016
