prob,dialectness,score,macro_score,SpBLEU_corpus_score,ChrF_corpus_score
0.6256808074346918,0.49508163449791026,0.36562342182221513,0.3868164203090175,0.33950586045733916,0.5213780882520574
