prob,dialectness,score,macro_score,SpBLEU_corpus_score,ChrF_corpus_score
0.21452346894286164,0.5793500527256401,0.13382554113171247,0.22105325223694286,0.16365413808362983,0.364326920723833
