prob,dialectness,score,macro_score,SpBLEU_corpus_score,ChrF_corpus_score
0.4281535087438897,0.4920368186099222,0.24767813948811918,0.4132451558916051,0.10027156680113476,0.2899670063687603
