prob,dialectness,score,macro_score,SpBLEU_corpus_score,ChrF_corpus_score
0.28520098674707695,0.5033679307153216,0.15825676005148054,0.24854903262939057,0.19129758166646255,0.3757085239493803
