prob,dialectness,score,macro_score,SpBLEU_corpus_score,ChrF_corpus_score
0.08520642730440159,0.4078324342949782,0.03359848686767131,0.06341153705537333,0.1622445923307847,0.36300062104074826
