prob,dialectness,score,macro_score,SpBLEU_corpus_score,ChrF_corpus_score
0.2188653533533943,0.6314465526590357,0.14695399623339295,0.49161911634237626,0.139430190844988,0.35519325515052474
