prob,dialectness,score,macro_score,SpBLEU_corpus_score,ChrF_corpus_score
0.12945516233223317,0.512325619221665,0.07507176746887806,0.2935633609318625,0.16757871725396817,0.3734537412858438
