prob,dialectness,score,macro_score,SpBLEU_corpus_score,ChrF_corpus_score
0.2831460794623126,0.23626786101114702,0.124141799270516,0.18404546104294975,0.20453802764856532,0.3994053610451299
