prob,dialectness,score,macro_score,SpBLEU_corpus_score,ChrF_corpus_score
0.45721854203744444,0.4103784061956685,0.2684079501785496,0.29698730705586335,0.21616734829835899,0.41237057042342556
