prob,dialectness,score,macro_score,SpBLEU_corpus_score,ChrF_corpus_score
0.21619389830491856,0.5540926782300812,0.15504446562919325,0.44568236784031184,0.17719244521876476,0.35978892572239857
