prob,dialectness,score,macro_score,SpBLEU_corpus_score,ChrF_corpus_score
0.1926032313152973,0.2489633400065941,0.07348602183577917,0.20200514739625924,0.285052052496223,0.48242592651690797
