prob,dialectness,score,macro_score
0.854009432750754,0.5547014781832695,0.4836153469699333,0.4859855893075477
