prob,dialectness,score,macro_score,SpBLEU_corpus_score,ChrF_corpus_score
0.6867008395949961,0.5645859208249021,0.434819331544212,0.46378363618519103,0.1743405001087049,0.37309298530525387
