prob,dialectness,score,macro_score,SpBLEU_corpus_score,ChrF_corpus_score
0.6215004865571973,0.6607044163678074,0.47635815955499905,0.5031312341337589,0.15914528848968332,0.36327223239311546
