prob,dialectness,score,macro_score,SpBLEU_corpus_score,ChrF_corpus_score
0.5610799716549809,0.4921501190928393,0.33269237144368885,0.36455361916400053,0.32013625200739826,0.506468417594658
