prob,dialectness,score,macro_score
0.004731153955726768,0.0905729254335165,0.0016737771053849577,0.022192129501636862
