prob,dialectness,score,macro_score
0.0940456781280227,0.14248976960778237,0.061542443306192636,0.08704282993588297
