prob,dialectness,score,macro_score
0.00044309765963598786,0.04928885821742241,0.00017756687999545887,0.014271430022308898
