prob,dialectness,score,macro_score
0.07815074027050287,0.14206267359666527,0.05255200009548937,0.10905697604418586
