prob,dialectness,score,macro_score
0.0025872623808376226,0.015003960165712569,0.0006771081866015287,0.009642514669203324
