prob,dialectness,score,macro_score
0.05638913836926804,0.08669117103563621,0.013605761689118789,0.024270090888161254
