prob,dialectness,score,macro_score
0.5027345417562173,0.3201904189772904,0.28150034235296145,0.2923307095424177
