prob,dialectness,score,macro_score
0.17449528547003865,0.08278787590563297,0.06661721134508618,0.07090495823996519
