prob,dialectness,score,macro_score
0.13822528220451205,0.2657178311049938,0.0835144044254489,0.17164007039757362
