prob,dialectness,score,macro_score
0.1479788046691101,0.13275812460575254,0.10123350751378143,0.10811447420925177
