prob,dialectness,score,macro_score
0.020273619680665433,0.054307564198970794,0.012311439749975788,0.01587800906471962
