prob,dialectness,score,macro_score
0.011306520503230694,0.052171815751176895,0.00794346615406367,0.02199688087671767
