prob,dialectness,score,macro_score
0.022864128550863824,0.04611135337036103,0.004645871620443899,0.022231454886414325
