prob,dialectness,score,macro_score
0.005505175764046726,0.07815880119800568,0.001888075687525157,0.021597096501965653
