prob,dialectness,score,macro_score
0.029153499137610197,0.06363872101181187,0.011537036829028076,0.018539803160986534
