prob,dialectness,score,macro_score
0.0656851968402043,0.06887314503081143,0.03374878083529145,0.04498394429822348
