prob,dialectness,score,macro_score
0.06657698155895835,0.10023385120762719,0.035739736178653614,0.04917509665772892
