prob,dialectness,score,macro_score,SpBLEU_corpus_score,ChrF_corpus_score
0.18520378253822856,0.5566155358936521,0.11759969257162525,0.18686273427441272,0.11975983785383663,0.3256216453765908
