prob,dialectness,score,macro_score,SpBLEU_corpus_score,ChrF_corpus_score
0.23359397409571103,0.20904665891226615,0.13944187861786198,0.1504165580943467,0.0754206297925505,0.17186177899477792
