prob,dialectness,score,macro_score,SpBLEU_corpus_score,ChrF_corpus_score
0.3014958459988702,0.26124187170295043,0.18353266482038272,0.19304596105088848,0.06143439674070749,0.15923867579247503
