prob,dialectness,score,macro_score,SpBLEU_corpus_score,ChrF_corpus_score
0.2312037872019573,0.5989229844539659,0.163726061878374,0.4693207676832975,0.10528538473941468,0.315233029257906
