prob,dialectness,score,macro_score,SpBLEU_corpus_score,ChrF_corpus_score
0.5982848193886457,0.6278192292858148,0.44958783684317993,0.4790077320397749,0.11255546937158588,0.32803916431526575
