prob,dialectness,score,macro_score
0.1798091541416943,0.09200020147545729,0.01911553969134173,0.08049843658962358
