prob,dialectness,score,macro_score
0.25115777251543475,0.2930661068484187,0.13486043111685717,0.2589688290471376
