prob,dialectness,score,macro_score
0.5924081394897075,0.3853812092996668,0.333836261093504,0.33917587135160526
