prob,dialectness,score,macro_score
0.7503767051643808,0.35115113913081586,0.3185648419921372,0.32923198917938845
