prob,dialectness,score,macro_score
0.14420025848725346,0.42476703932741655,0.08409239611158399,0.24926209041661349
