prob,dialectness,score,macro_score
0.1308330366735754,0.3302940551005304,0.06282879730278779,0.2308958553758935
