prob,dialectness,score,macro_score
0.5031187847186811,0.33841101713478566,0.2674873105850634,0.2713234080791059
