prob,dialectness,score,macro_score
0.1526931385352509,0.36076084056752733,0.08977580908539926,0.259855738582363
