prob,dialectness,score,macro_score
0.5888998339133105,0.4218308323272504,0.35024943311579887,0.35509156292177146
