prob,dialectness,score,macro_score
0.19749630898120812,0.12649179270782043,0.062108265148343896,0.11633303514247924
