prob,dialectness,score,macro_score
0.14365096616693923,0.2496447062072274,0.06823628949302976,0.16729842100380246
