prob,dialectness,score,macro_score
0.20205188946478303,0.2894268353516236,0.09485855630657505,0.19627779509676663
