prob,dialectness,score,macro_score
0.025646653345756932,0.21868923575500956,0.006046142982185057,0.14172789198959687
