prob,dialectness,score,macro_score
0.1091251601114308,0.32848191277261296,0.051827904469118,0.14943752092009246
