prob,dialectness,score,macro_score
0.6497138395172078,0.23526930785854347,0.23022062361713921,0.23319514039169328
