prob,dialectness,score,macro_score
0.08828328764327031,0.6965295115723971,0.05448592739602209,0.45875924503703447
