prob,dialectness,score,macro_score
0.05631594237172976,0.6169183413684368,0.031733400414404464,0.2371732154659425
