prob,dialectness,score,macro_score
0.5194987435638905,0.6631795561406761,0.33357321938774576,0.39817531834540804
