prob,dialectness,score,macro_score
0.8728962011996191,0.6486395021155477,0.5817325928955114,0.5852330810885199
