prob,dialectness,score,macro_score
0.8835962916817516,0.7755882567167283,0.6919892898857857,0.6930434998494789
