prob,dialectness,score,macro_score
0.016731243620306487,0.6694451595208375,0.008469561526328525,0.061883004379356794
