prob,dialectness,score,macro_score
0.14596331505868876,0.6542892761994153,0.10026285888961406,0.43062719019220175
