prob,dialectness,score,macro_score
0.016038236557797063,0.7265103759616613,0.007718039334009087,0.0507497309897452
