prob,dialectness,score,macro_score
0.04684731421908509,0.7163738415949047,0.0246729246710288,0.052332331156297256
