prob,dialectness,score,macro_score
0.05602471546764718,0.7302336300909519,0.038843700223804165,0.0677759902464417
