prob,dialectness,score,macro_score
0.35924750595353544,0.6227886202931404,0.2065873229567554,0.603550250848789
