prob,dialectness,score,macro_score
0.13366633055207786,0.7601194742321968,0.10315796685416817,0.10524260321226453
