prob,dialectness,score,macro_score
0.5329663007686031,0.6983389299956616,0.38330121820500823,0.40388964321521476
