prob,dialectness,score,macro_score
0.013961831521082785,0.6413984506390988,0.004751141976963783,0.025194529944783675
