prob,dialectness,score,macro_score
0.10593705207225866,0.6150814482569694,0.06651934655024759,0.07339141599283452
