prob,dialectness,score,macro_score
0.263408278147399,0.5313230307400226,0.20411133223594352,0.2139528875923534
