prob,dialectness,score,macro_score
0.22053405554121128,0.464564115004614,0.15360400151110237,0.17133107703099448
