prob,dialectness,score,macro_score
0.7131725148821715,0.7870395940542221,0.5925938423749912,0.594307367184234
