prob,dialectness,score,macro_score
0.012440728119981941,0.6448167179524898,0.008836831928340933,0.01974996720504394
