prob,dialectness,score,macro_score
0.0012468393780926074,0.09920363090556077,0.00042554857701435365,0.005033403969361569
