prob,dialectness,score,macro_score
0.0005737086741848745,0.1078556938604875,0.00019311222411468393,0.001138782260770999
