prob,dialectness,score,macro_score
0.020349771846085787,0.5617186342552304,0.013344785507361477,0.559522957440633
