prob,dialectness,score,macro_score
0.01986200179118896,0.6391590383648872,0.008911915884025996,0.6351490954890672
