prob,dialectness,score,macro_score
0.12470133398480789,0.11464666578956324,0.0937531545664039,0.09748070162686881
