prob,dialectness,score,macro_score
0.0002973633099463768,0.628122975230217,0.0001828503565249257,0.0013381553164077099
