prob,dialectness,score,macro_score
0.9950644356012345,0.684369719773531,0.6810608085337826,0.682139447989567
