prob,dialectness,score,macro_score
0.0013093114062212407,0.5245329072419554,0.0009751278730075565,0.010424700858820269
