prob,dialectness,score,macro_score,SpBLEU_corpus_score,ChrF_corpus_score
0.6049335824511946,0.6457934463379206,0.4599022570105198,0.4852284123574237,0.14184615771142386,0.3348478297212037
