prob,dialectness,score,macro_score
0.31857100238790736,0.8472911700606346,0.2648301080178008,0.7655364702724964
