prob,dialectness,score,macro_score
0.22034406055433628,0.8006909107550596,0.17820173459799724,0.7369748962465855
