prob,dialectness,score,macro_score
0.24471283318882342,0.6064097342640161,0.17205612270084003,0.5743205458296785
