prob,dialectness,score,macro_score
0.011323902581279981,0.7376415971666574,0.005172961456651923,0.06020136357326954
