prob,dialectness,score,macro_score
0.7751297822414199,0.572224751948379,0.4385271444408825,0.4441868797000638
