prob,dialectness,score,macro_score
0.8257793844048865,0.5684479440748692,0.4841787578111626,0.4935926079512354
