prob,dialectness,score,macro_score
0.8066667669051094,0.5728548879921437,0.48463430349875686,0.4940838718870094
