prob,dialectness,score,macro_score,SpBLEU_corpus_score,ChrF_corpus_score
0.5909363941801712,0.46398057736514603,0.337111374218494,0.3630522086274629,0.3485203276500925,0.5335081448128717
