prob,dialectness,score,macro_score,SpBLEU_corpus_score,ChrF_corpus_score
0.656309065768437,0.5590438675298356,0.4163994864971916,0.45449551404184313,0.18053545131354615,0.376026659216329
