prob,dialectness,score,macro_score,SpBLEU_corpus_score,ChrF_corpus_score
0.6595284959193668,0.5555385872069746,0.4004063897435045,0.4271396102268816,0.18514114407020638,0.38680996361855186
