prob,dialectness,score,macro_score,SpBLEU_corpus_score,ChrF_corpus_score
0.6007318189821672,0.6897205257992027,0.4670773495524492,0.4964793578995838,0.17292815800807726,0.35757873184879185
