prob,dialectness,score,macro_score,SpBLEU_corpus_score,ChrF_corpus_score
0.5841610283544287,0.4734860541007947,0.3437008503547572,0.3717791599407008,0.3493909464478591,0.5319117611310124
