prob,dialectness,score,macro_score,SpBLEU_corpus_score,ChrF_corpus_score
0.6305119405779988,0.6845182519976515,0.48650986936953655,0.5177039306328601,0.1606176125076035,0.3587442135180117
