prob,dialectness,score,macro_score,SpBLEU_corpus_score,ChrF_corpus_score
0.593997222277685,0.6530592876888113,0.44001099835781643,0.46936723041494366,0.16975754864603224,0.3677429982883482
