prob,dialectness,score,macro_score,SpBLEU_corpus_score,ChrF_corpus_score
0.5853927249609842,0.48097716609947383,0.3323769271843347,0.35818834743250105,0.36016321940490925,0.5414125119240892
