prob,dialectness,score,macro_score,SpBLEU_corpus_score,ChrF_corpus_score
0.6426290879055159,0.522435344310361,0.40168844658580555,0.4342686020405213,0.20407972185516388,0.4035188627659781
