prob,dialectness,score,macro_score,SpBLEU_corpus_score,ChrF_corpus_score
0.4829248872613243,0.42497970268595964,0.27131720004618903,0.2982452897996308,0.38113417586307435,0.5535648878462581
