prob,dialectness,score,macro_score,SpBLEU_corpus_score,ChrF_corpus_score
0.6329869374251575,0.6329571022084565,0.47085700091339805,0.5084186435228809,0.1631734044500228,0.3624988667665397
