prob,dialectness,score,macro_score
0.8443839919619495,0.8607003083825111,0.7336631788380314,0.7529953033631963
