prob,dialectness,score,macro_score,SpBLEU_corpus_score,ChrF_corpus_score
0.3266067103045134,0.49899888285406635,0.1970885525749948,0.2949027822670771,0.16477759394693756,0.37443993104697787
