prob,dialectness,score,macro_score,SpBLEU_corpus_score,ChrF_corpus_score
0.13487704106788442,0.21818815621867543,0.053675061049725595,0.16340860789149927,0.2361489501423823,0.43840040142321157
