prob,dialectness,score,macro_score,SpBLEU_corpus_score,ChrF_corpus_score
0.28695156473331734,0.4370107474856195,0.15851005249078176,0.33477626487120477,0.12480994276871284,0.30134205370180367
