prob,dialectness,score,macro_score,SpBLEU_corpus_score,ChrF_corpus_score
0.1514912607547376,0.23182123458798742,0.050371721464308815,0.09904870041893042,0.56509600006937,0.6901322728603166
