prob,dialectness,score,macro_score,SpBLEU_corpus_score,ChrF_corpus_score
0.2642253076781344,0.6050295890847337,0.18241511210715003,0.48442677459556577,0.1468731016352614,0.34253005271377046
