prob,dialectness,score,macro_score,SpBLEU_corpus_score,ChrF_corpus_score
0.5820972723021987,0.6219224050515914,0.43589466622728407,0.4618597078571186,0.15481215400838286,0.3492555942854777
