prob,dialectness,score,macro_score,SpBLEU_corpus_score,ChrF_corpus_score
0.3547561630440759,0.41172532136261,0.2007177813625966,0.3546472142687032,0.10933408842985744,0.303932766663538
