prob,dialectness,score,macro_score,SpBLEU_corpus_score,ChrF_corpus_score
0.4701266454238794,0.39339376817049926,0.27434391200499975,0.29370117911559096,0.3689500622834528,0.5421797133420568
