prob,dialectness,score,macro_score,SpBLEU_corpus_score,ChrF_corpus_score
0.602009372580942,0.6466018285203609,0.4492034310802836,0.4991535085056747,0.18458902614729072,0.3745356224086907
