prob,dialectness,score,macro_score,SpBLEU_corpus_score,ChrF_corpus_score
0.6478739998667151,0.4895707486575702,0.3733808175534887,0.3966518509609237,0.32422042993786604,0.5099485289587412
