prob,dialectness,score,macro_score
0.12353253531257687,0.6872610596768643,0.06932208564969337,0.32649030685396296
