prob,dialectness,score,macro_score
0.33327303857542573,0.78882947050035,0.27747120326165725,0.7652817533704969
