prob,dialectness,score,macro_score
0.031143702621232488,0.7837433090773962,0.028391751321017244,0.07481634888136768
