prob,dialectness,score,macro_score
0.0034753935688058846,0.7152034001424908,0.0018379098932827943,0.02360960609752889
