prob,dialectness,score,macro_score
0.43941831889824245,0.728624742180109,0.35324020377067233,0.38928437034257635
