prob,dialectness,score,macro_score
0.5028392521300702,0.670747052282095,0.38217705277083175,0.3925259774246623
