prob,dialectness,score,macro_score
0.41120533561886985,0.7435867640376091,0.3342688665837316,0.3599436055369088
