prob,dialectness,score,macro_score
0.08557168904226273,0.24451775016612373,0.00840320608742538,0.16207750149611094
