prob,dialectness,score,macro_score
0.24451898360741325,0.2448730886937119,0.05494373324477175,0.14404761586309767
