prob,dialectness,score,macro_score
0.0549435169698266,0.06715395467148887,0.016767797914402433,0.028593063116821506
