prob,dialectness,score,macro_score
0.2714481418475043,0.31382885986939074,0.09675500618653361,0.24003466184479955
