prob,dialectness,score,macro_score
0.2737444705498638,0.4297244406118989,0.13148889543320463,0.25887965456167533
