prob,dialectness,score,macro_score,SpBLEU_corpus_score,ChrF_corpus_score
0.6353454784861242,0.5331551468535326,0.3869887477382161,0.41246703227346065,0.24306625698689133,0.42662188502725157
