prob,dialectness,score,macro_score,SpBLEU_corpus_score,ChrF_corpus_score
0.6742695729885599,0.6136080799298361,0.4774312756571028,0.5076015496134704,0.12461304147517634,0.31803059976707887
