prob,dialectness,score,macro_score,SpBLEU_corpus_score,ChrF_corpus_score
0.6285989059273561,0.6858431647464749,0.4958900063296929,0.5220626860526884,0.13913667595739404,0.3286437845866525
