prob,dialectness,score,macro_score
0.010872501229168847,0.6823345262557268,0.00594289466447151,0.02098088807280294
