prob,dialectness,score,macro_score
0.945083580063656,0.5805380137311295,0.568705735705322,0.5781197868830522
