prob,dialectness,score,macro_score
0.004772888784355018,0.7310768308164551,0.003326327439085175,0.018535149488591827
