prob,dialectness,score,macro_score
0.10389383886707947,0.6937385660537985,0.0724495698699422,0.6835569221640747
