prob,dialectness,score,macro_score,SpBLEU_corpus_score,ChrF_corpus_score
0.6872922023727733,0.5354350326408166,0.42266942222840487,0.44687287045688817,0.21920207653271073,0.41371218146334404
