prob,dialectness,score,macro_score,SpBLEU_corpus_score,ChrF_corpus_score
0.5491817086178343,0.4637290609558113,0.32734400348130505,0.3523022343638923,0.3718733485967772,0.5462626573618042
