prob,dialectness,score,macro_score,SpBLEU_corpus_score,ChrF_corpus_score
0.6014237801150011,0.6754701201664284,0.4660526731213884,0.49778905270613605,0.1514792722056746,0.3515416742618294
