prob,dialectness,score,macro_score,SpBLEU_corpus_score,ChrF_corpus_score
0.6058108983779675,0.6588434708333807,0.46549262712001976,0.5010412846509688,0.15416625716109406,0.3557258292317867
