prob,dialectness,score,macro_score,SpBLEU_corpus_score,ChrF_corpus_score
0.5841172128073231,0.591958799501881,0.3978592062779368,0.4259423810307819,0.12109604448589711,0.3117851368464609
