prob,dialectness,score,macro_score,SpBLEU_corpus_score,ChrF_corpus_score
0.5939061331539415,0.5171381037944229,0.35176584202280625,0.3813039618494935,0.22541698399779203,0.41893338725218365
