prob,dialectness,score,macro_score
0.8247962868440664,0.7135672967880964,0.6135677326892264,0.6167585581284682
