prob,dialectness,score,macro_score
0.7391519504971802,0.5459712022275198,0.46330983679257653,0.46597561128851184
