prob,dialectness,score,macro_score
0.002271935787575785,0.6309035152615979,0.0012605059598518095,0.001587036579078758
