prob,dialectness,score,macro_score
0.0008678577550745104,0.4589817486621905,0.0001229426053176322,0.00865954329282032
