prob,dialectness,score,macro_score
0.01796323463320732,0.5452519151289016,0.01208357655916642,0.012557397494391768
