prob,dialectness,score,macro_score
0.8730695387630751,0.6125871158684745,0.5854771720522746,0.6100343995094372
