prob,dialectness,score,macro_score
0.0015291613842418883,0.6008547132462263,0.0010989211179537007,0.008002276911175294
