prob,dialectness,score,macro_score
0.9957427245378494,0.61760364189744,0.614986083982664,0.6155667800277507
