prob,dialectness,score,macro_score
0.0022232744870416352,0.5143833262007683,0.0011604133050390072,0.010990036661490643
