prob,dialectness,score,macro_score
0.020911982020914714,0.6151392433528948,0.010198341481201627,0.01553527701313696
