prob,dialectness,score,macro_score
0.020849130476563005,0.5415052843559534,0.008784494528798285,0.02041871840783183
