prob,dialectness,score,macro_score
0.0029825671514816057,0.5914817709814418,0.002019861013756951,0.00754616919617721
