prob,dialectness,score,macro_score
0.0002990895160473883,0.6266934237070382,0.0001772571939097866,0.0014720801740040839
