prob,dialectness,score,macro_score
0.006633790394875122,0.5129653839229823,0.00014028075271142342,0.0020371598576762804
