prob,dialectness,score,macro_score
0.041267797964974304,0.5980659774830565,0.027295900374428403,0.5960929273259463
