prob,dialectness,score,macro_score
0.025901530890259893,0.6373442884907127,0.01999695689145657,0.6352816200883372
