prob,dialectness,score,macro_score
0.022723209718242286,0.5763330266810953,0.010711809884347103,0.010933467403903156
