prob,dialectness,score,macro_score
0.005291980105943771,0.5893435781925089,0.004457007936440539,0.01862373186949751
