prob,dialectness,score,macro_score
0.04998607269248389,0.5820863233324178,0.031181922787931877,0.5719679004600025
