prob,dialectness,score,macro_score
0.014536288996023359,0.6340980892581866,0.006262558643628685,0.015310519007858493
