prob,dialectness,score,macro_score
0.008526048999410705,0.5386751706339419,0.00021594595347413362,0.0028633471913753657
