prob,dialectness,score,macro_score
0.0003519452737236861,0.5989773802855052,0.00010465169303250334,0.0004982444764357681
