prob,dialectness,score,macro_score
0.0002928100853530464,0.5994283515922348,0.00016423355673159527,0.0013757344941797032
