prob,dialectness,score,macro_score
0.9858981096558272,0.6615883907675744,0.6574036723544749,0.6580331758259479
