prob,dialectness,score,macro_score
0.0003443282256914171,0.5307751659567308,0.00015979237445858932,0.0031410551515113506
