prob,dialectness,score,macro_score
0.0003246789013792295,0.5369575887173414,0.00015542824957239258,0.003855030398142756
