prob,dialectness,score,macro_score,SpBLEU_corpus_score,ChrF_corpus_score
0.09806522254948505,0.14838293970678934,0.04901411000071713,0.09724531377602964,0.055526196594117526,0.1530432978483376
