prob,dialectness,score,macro_score,SpBLEU_corpus_score,ChrF_corpus_score
0.34450128754218895,0.4641524160420522,0.19094747740188878,0.3886594272578019,0.09595470269940522,0.26332050464484424
