prob,dialectness,score,macro_score,SpBLEU_corpus_score,ChrF_corpus_score
0.35745272727275734,0.3979517589430907,0.17947698647627788,0.30458080131638093,0.1839721066354362,0.38925370149444605
