prob,dialectness,score,macro_score,SpBLEU_corpus_score,ChrF_corpus_score
0.6119974597648252,0.6523752571630758,0.466932087890128,0.4942880841019648,0.14668523995694926,0.3388663424184891
