prob,dialectness,score,macro_score,SpBLEU_corpus_score,ChrF_corpus_score
0.3730175069467805,0.4535996987024555,0.21014962875314538,0.3728439226700618,0.08458464472754629,0.27088872637304817
