prob,dialectness,score,macro_score,SpBLEU_corpus_score,ChrF_corpus_score
0.2154564561949519,0.5488373189949197,0.1477433698839378,0.4119381488305056,0.10293922623205805,0.3003627154068376
