prob,dialectness,score,macro_score,SpBLEU_corpus_score,ChrF_corpus_score
0.5855144379688864,0.6770127061498351,0.449156258498822,0.47654332558801543,0.15928437347492416,0.34501522403612417
