prob,dialectness,score,macro_score,SpBLEU_corpus_score,ChrF_corpus_score
0.617543656253838,0.4916224273236003,0.3486143828313682,0.36692638831879537,0.28024170284206723,0.48437206776512676
