prob,dialectness,score,macro_score,SpBLEU_corpus_score,ChrF_corpus_score
0.5682547683212033,0.6659721392428036,0.4299106590570129,0.4631706019201317,0.1610170256271083,0.3462924658064113
