prob,dialectness,score,macro_score,SpBLEU_corpus_score,ChrF_corpus_score
0.581902222931676,0.5839080902514979,0.37102809348759896,0.40448140298536933,0.1442410854358452,0.3481231766864233
