prob,dialectness,score,macro_score,SpBLEU_corpus_score,ChrF_corpus_score
0.5996538557426538,0.6651978982955916,0.4514313618852951,0.4794766375818045,0.16003730015501622,0.3614389946729911
