prob,dialectness,score,macro_score,SpBLEU_corpus_score,ChrF_corpus_score
0.5839573829597794,0.6593337441311451,0.44035288104189063,0.4736592115146727,0.14015544530188165,0.35257695370182285
