prob,dialectness,score,macro_score,SpBLEU_corpus_score,ChrF_corpus_score
0.560583283103333,0.4637161532964092,0.31973126921820527,0.33982556875229863,0.35666859259728506,0.536795950492425
