prob,dialectness,score,macro_score,SpBLEU_corpus_score,ChrF_corpus_score
0.6579823189636227,0.6763422261219239,0.5104657415989976,0.5293772603675745,0.1721650318566245,0.35842870469855437
