prob,dialectness,score,macro_score,SpBLEU_corpus_score,ChrF_corpus_score
0.6489239737014577,0.5589893149235285,0.4191543024647323,0.44915747513702825,0.2005436641228023,0.3942568559974682
