prob,dialectness,score,macro_score,SpBLEU_corpus_score,ChrF_corpus_score
0.6134268970128324,0.6638206420798087,0.468898530987608,0.507545448415839,0.15704581849162494,0.3557795540461541
