prob,dialectness,score,macro_score,SpBLEU_corpus_score,ChrF_corpus_score
0.6249532312719385,0.6550072834815365,0.464031565939167,0.4943314391587667,0.17524543347353283,0.36310997555725244
