prob,dialectness,score,macro_score,SpBLEU_corpus_score,ChrF_corpus_score
0.49097814752341945,0.4133849507101695,0.2664271945951336,0.287496264776516,0.3879941564685099,0.5586494087653645
