prob,dialectness,score,macro_score
0.5885978694097139,0.3659160816745134,0.30937152240000243,0.31165741120746887
