prob,dialectness,score,macro_score,SpBLEU_corpus_score,ChrF_corpus_score
0.6916600057722826,0.6053142487228615,0.46752797394180556,0.49175866669973084,0.14903931673513834,0.34650158145730436
