prob,dialectness,score,macro_score,SpBLEU_corpus_score,ChrF_corpus_score
0.5829619399865623,0.49301098798168824,0.342905548455374,0.3715103908400615,0.2883947489413885,0.47974866451506754
