prob,dialectness,score,macro_score,SpBLEU_corpus_score,ChrF_corpus_score
0.6560671381736757,0.5866770272731082,0.4342337218043765,0.4623499400198994,0.1660907875368566,0.36401824443462955
