prob,dialectness,score,macro_score,SpBLEU_corpus_score,ChrF_corpus_score
0.6343309135476011,0.7088036901364103,0.498280158132021,0.5364149129934074,0.14877274302189408,0.3457560023662765
