prob,dialectness,score,macro_score,SpBLEU_corpus_score,ChrF_corpus_score
0.5510229061619611,0.47314575213415083,0.31126954864176304,0.33239955488586387,0.28990041558936136,0.49474113472173414
