prob,dialectness,score,macro_score,SpBLEU_corpus_score,ChrF_corpus_score
0.625303026814654,0.5778459373116493,0.39526233054045107,0.43606784528971604,0.1346170808799244,0.34352554347169123
