prob,dialectness,score,macro_score
0.10334837702044751,0.3413350999355316,0.05312960221254984,0.06364539726095605
