prob,dialectness,score,macro_score
0.20472537103516517,0.2752629611920565,0.0679136473602428,0.10397415294663549
