prob,dialectness,score,macro_score
0.00608184636439546,0.40832608501211953,0.003098712538241034,0.034737855601422396
