prob,dialectness,score,macro_score
0.08089633316150867,0.2838496708497405,0.02450197074842756,0.1293461946013233
