prob,dialectness,score,macro_score
0.2847638791031204,0.33851222187280655,0.17079122009604103,0.19149725847796603
