prob,dialectness,score,macro_score
0.15323863853438524,0.2839983852952719,0.05872387181908749,0.06353741883286378
