prob,dialectness,score,macro_score
0.05625460640832898,0.33032727430574593,0.026603074384042923,0.07666165011301757
