prob,dialectness,score,macro_score
0.10574488597019809,0.4368549844622612,0.0802436943351985,0.2889600805165182
