prob,dialectness,score,macro_score,SpBLEU_corpus_score,ChrF_corpus_score
0.6315609154029517,0.6643640998087358,0.4866372139799033,0.51305662259257,0.15828031762781344,0.35934894609482015
