prob,dialectness,score,macro_score
0.422468679168378,0.7157387859746813,0.2888314642840461,0.37963285443373024
