prob,dialectness,score,macro_score
0.2179902825297904,0.7232408612442669,0.15405673538533804,0.37190521337404897
