prob,dialectness,score,macro_score
0.14822462361742508,0.7958497511595488,0.12252630042554002,0.1288370479207942
