prob,dialectness,score,macro_score
0.2757707909162855,0.7753876180946827,0.2130545121058617,0.7484504993872184
