prob,dialectness,score,macro_score
0.10059097650570038,0.3323570632375777,0.03179120484303819,0.1134895097036053
