prob,dialectness,score,macro_score
0.3351538301384426,0.3697291722614318,0.14700382843993814,0.1908944220529413
