prob,dialectness,score,macro_score
0.8581051966175437,0.7575528651475907,0.6601272678996764,0.6663864405748668
