prob,dialectness,score,macro_score
0.20256410365691407,0.41814873203635217,0.11830806301200841,0.12846539951557095
