prob,dialectness,score,macro_score
0.004963774281059159,0.34184289295226333,0.0021911621487392015,0.02581560631782601
