prob,dialectness,score,macro_score
0.04689149349535,0.3695710162899923,0.02753717969205105,0.0550937652487544
