prob,dialectness,score,macro_score
0.05761939189102415,0.38901230290360833,0.03215274405836412,0.17057055408182442
