prob,dialectness,score,macro_score,SpBLEU_corpus_score,ChrF_corpus_score
0.09223994759042398,0.08650461534038185,0.06372222348711123,0.06819649375419903,0.013639678757983255,0.040807114684987426
