prob,dialectness,score,macro_score,SpBLEU_corpus_score,ChrF_corpus_score
0.09335692699067294,0.10286409106105567,0.06643579572233362,0.07104583007321573,0.0023431727172014776,0.03382762636020696
