prob,dialectness,score,macro_score,SpBLEU_corpus_score,ChrF_corpus_score
0.13177107396972132,0.1930781592312269,0.09810246646085556,0.10263816808021987,0.005397233853430705,0.056121881323990416
