prob,dialectness,score,macro_score,SpBLEU_corpus_score,ChrF_corpus_score
0.5786560284186271,0.5009390282182722,0.36167635721032243,0.39165951556355344,0.31747399885392413,0.5042425470886015
