prob,dialectness,score,macro_score
0.8241249044204596,0.5232402822823496,0.4838562708544405,0.48533091169248616
