prob,dialectness,score,macro_score
0.8368537346913945,0.6629334745556116,0.5840363867617069,0.5856877747971329
