prob,dialectness,score,macro_score
0.19216783980838956,0.41082898368127646,0.1352143057606755,0.14801975162965614
