prob,dialectness,score,macro_score
0.16147694034618326,0.3808872183598578,0.09815317497453253,0.11385587267635096
