dataset,dialect_code,prob,dialectness,score,macro_score
BTEC,egy,0.19216783980838956,0.41082898368127646,0.1352143057606755,0.14801975162965614
FLORES,egy,0.20574938484263838,0.46094597711227836,0.14226505825666524,0.17196990387694075
HABIBI,egy,0.16147694034618326,0.3808872183598578,0.09815317497453253,0.11385587267635096
