prob,dialectness,score,macro_score,SpBLEU_corpus_score,ChrF_corpus_score
0.12840240999321395,0.10810011073132046,0.03832461591240743,0.06524403045628845,0.056457725073629984,0.14423336105378068
