prob,dialectness,score,macro_score,SpBLEU_corpus_score,ChrF_corpus_score
0.2181981406491832,0.5496347687745583,0.14898721272276882,0.4446495698309847,0.12087169189624081,0.2990259109419763
