prob,dialectness,score,macro_score,SpBLEU_corpus_score,ChrF_corpus_score
0.09991662006359547,0.12112443598220125,0.05821591771324565,0.06412826120943986,0.03882287143523012,0.10219013197463143
