prob,dialectness,score,macro_score,SpBLEU_corpus_score,ChrF_corpus_score
0.24682749944193347,0.5004583682506927,0.1509668991138018,0.2524739903128743,0.1348695361184092,0.34939660022832064
