prob,dialectness,score,macro_score
0.10320405828111688,0.2402259619999677,0.013734194018571544,0.05405469541644843
