prob,dialectness,score,macro_score
0.013415221046307125,0.4864622682193294,0.005662319785003259,0.07608347949317905
