prob,dialectness,score,macro_score
0.09154662203975023,0.06492187871597707,0.04581855833395168,0.05197477754087892
