prob,dialectness,score,macro_score
0.01997926636279156,0.03264629870954186,0.015052842467937477,0.01962972277459985
