prob,dialectness,score,macro_score
0.04865485552087193,0.35379209256730976,0.008128885286795968,0.0449320946503798
