prob,dialectness,score,macro_score
0.009377801609742973,0.0077279551622617725,0.0016338516844893326,0.0035305469444159364
