prob,dialectness,score,macro_score
0.17914015812566503,0.3511360072158277,0.07477112895292733,0.21225156144367646
