prob,dialectness,score,macro_score
0.04712742144794902,0.07127325613051654,0.016627171016403586,0.04100288714783197
