prob,dialectness,score,macro_score
0.05964107499923557,0.10237400140613317,0.02671568684195476,0.03997038442707454
