prob,dialectness,score,macro_score
0.010397599464414096,0.016625788326215262,0.004532093475853155,0.00478755605989345
