prob,dialectness,score,macro_score
0.9190449993504444,0.6275780216977,0.5775810446479044,0.5793859487151223
