prob,dialectness,score,macro_score
0.8890156876482069,0.530432903021574,0.49043707558078176,0.49185884262443785
