prob,dialectness,score,macro_score,SpBLEU_corpus_score,ChrF_corpus_score
0.6081029822677374,0.474635306193959,0.3454373591636359,0.3725734579332504,0.3466672114923658,0.5275949010829765
