prob,dialectness,score,macro_score
0.9528310513496399,0.7531826290115714,0.7278537631775694,0.7394181175900029
