prob,dialectness,score,macro_score
0.03763092529465212,0.788290841281414,0.020906756091519006,0.02926641621826386
