prob,dialectness,score,macro_score
0.8826139967772179,0.6907353254035116,0.6387238038232403,0.6785998924411415
