prob,dialectness,score,macro_score
0.027493411036775797,0.7156683967262506,0.015716226393085644,0.019876668349599433
