prob,dialectness,score,macro_score
0.008871394545349177,0.7598859410174191,0.002559680448793144,0.017778569757429544
