prob,dialectness,score,macro_score
0.00015443698146555107,0.6164472698047757,9.148449763838797e-05,0.0010941278370684494
