prob,dialectness,score,macro_score
0.14156201655639272,0.6387937178931616,0.07905728846565746,0.6335200627733679
