prob,dialectness,score,macro_score
0.0003359098859800724,0.6265188050270081,0.00020828126064933953,0.0007269645976906583
