prob,dialectness,score,macro_score,SpBLEU_corpus_score,ChrF_corpus_score
0.5862077981285984,0.6404337128507904,0.44601346749777093,0.47193367250778606,0.1640850541466117,0.3569645772378781
