prob,dialectness,score,macro_score,SpBLEU_corpus_score,ChrF_corpus_score
0.1018468885848415,0.14981805274263024,0.05731871076302137,0.11760328226063406,0.028074649467728367,0.08887089771146613
