prob,dialectness,score,macro_score,SpBLEU_corpus_score,ChrF_corpus_score
0.09842933025996899,0.14087604504136833,0.051454146179638685,0.10425067877535897,0.02521612700906281,0.09155716719133605
