prob,dialectness,score,macro_score,SpBLEU_corpus_score,ChrF_corpus_score
0.02819553726068989,0.14592078308807685,0.007499915254515595,0.028207020902346024,0.06217393364621297,0.1478894068465881
