prob,dialectness,score,macro_score,SpBLEU_corpus_score,ChrF_corpus_score
0.5357472940778826,0.6361420725195785,0.4041317282134839,0.4306889832978603,0.10484914484793113,0.31274497490295594
