prob,dialectness,score,macro_score,SpBLEU_corpus_score,ChrF_corpus_score
0.38982978316111255,0.49145731551543576,0.23120818109032193,0.42083474105160035,0.07062564904711824,0.27038998029650063
