prob,dialectness,score,macro_score,SpBLEU_corpus_score,ChrF_corpus_score
0.5610094029280299,0.685684123103274,0.43824530834521797,0.4782109313311264,0.1462539102309133,0.33543327770220777
