prob,dialectness,score,macro_score
0.017967494954376967,0.729104347156501,0.009703473978495896,0.021335227908394573
