prob,dialectness,score,macro_score
0.005074971956200897,0.6413475959189237,0.0015271865624940971,0.0016852383034436271
