prob,dialectness,score,macro_score
0.0015210048320295755,0.7367902359738946,0.000553427769172744,0.009170978104139603
