prob,dialectness,score,macro_score
0.005761415952438256,0.7782693135738373,0.003365315139815092,0.0037051255321615467
