prob,dialectness,score,macro_score,SpBLEU_corpus_score,ChrF_corpus_score
0.6454646296972351,0.52537725158385,0.39863549951964133,0.43017353983928047,0.2150907411015873,0.4142427156214177
