prob,dialectness,score,macro_score,SpBLEU_corpus_score,ChrF_corpus_score
0.6388937774498481,0.661048484480707,0.4869678333416159,0.5090788372217947,0.1673230101566185,0.3637177844297653
