prob,dialectness,score,macro_score
0.8916626646614167,0.7782105917483568,0.7142343519048603,0.727583739422584
