prob,dialectness,score,macro_score
0.8995230113225989,0.6217501337453722,0.5798038243611071,0.5858244735240276
