prob,dialectness,score,macro_score
0.882074640840292,0.7945854344964027,0.7114523481259692,0.7181095023220989
