prob,dialectness,score,macro_score
0.6841251101059607,0.7192225809395313,0.5041019359949288,0.5085961043356302
