prob,dialectness,score,macro_score
0.5202084865461802,0.805242609679699,0.43269651603647696,0.43409620079975225
