prob,dialectness,score,macro_score
0.2976283678575419,0.31834586694836614,0.10085568467767468,0.23820016787189066
