prob,dialectness,score,macro_score
0.04663779256945344,0.08526204014667357,0.02033546311069615,0.05711169434555559
