prob,dialectness,score,macro_score
0.10299198739371743,0.0888734780477755,0.05810895316917027,0.06181823649838524
