prob,dialectness,score,macro_score
0.4479055182123557,0.46915894228965044,0.2397790617516505,0.4363646349948308
