prob,dialectness,score,macro_score
0.7864685605338309,0.5390272945538164,0.43653322086614854,0.43938622780471237
