prob,dialectness,score,macro_score
0.4961423816450406,0.4355187850689981,0.23736906142860023,0.3723051865422182
