prob,dialectness,score,macro_score,SpBLEU_corpus_score,ChrF_corpus_score
0.5551648142586054,0.6249899048218504,0.41707211839129116,0.4451712377958259,0.15010545123934102,0.33858160816691263
