prob,dialectness,score,macro_score,SpBLEU_corpus_score,ChrF_corpus_score
0.40200707580399464,0.47196090752200687,0.2369494383423414,0.4065806446348757,0.08569801966354047,0.27932742819932294
