prob,dialectness,score,macro_score
0.8742339725303464,0.6224607728421688,0.5635811634642188,0.573010116647104
