prob,dialectness,score,macro_score
0.887938057789579,0.7365730459988117,0.665004933212351,0.6740027819272104
