prob,dialectness,score,macro_score
0.8910755496099592,0.7524428384006023,0.6864099811413437,0.6887511226790746
