prob,dialectness,score,macro_score
0.8864840592863038,0.7746559694409371,0.6992249561138019,0.7010241963140514
