prob,dialectness,score,macro_score
0.8240691990591585,0.8386404892150313,0.7006705262114417,0.7016269534651296
