prob,dialectness,score,macro_score,SpBLEU_corpus_score,ChrF_corpus_score
0.43056092194252416,0.3384144374201423,0.20212643704587785,0.2273969826201151,0.33395748484774457,0.5262026483931151
