prob,dialectness,score,macro_score,SpBLEU_corpus_score,ChrF_corpus_score
0.5845515629896545,0.623610408763634,0.4300972607976584,0.4548378173244567,0.15894000377456108,0.3432865564408765
