prob,dialectness,score,macro_score,SpBLEU_corpus_score,ChrF_corpus_score
0.5636396760585194,0.45087923973507715,0.299697711083486,0.3324736394885707,0.18101644052284652,0.3805160722369394
