prob,dialectness,score,macro_score
0.9033783261990175,0.7485921859741211,0.6878196807518794,0.7001391874129139
