prob,dialectness,score,macro_score
0.8681085041817278,0.7652179896831512,0.6679751397914422,0.6809926753454849
