prob,dialectness,score,macro_score
0.0008235691083245911,0.04434058986604214,0.00023158264216978418,0.01151767962702517
