prob,dialectness,score,macro_score
0.05039662811119342,0.11216056622564792,0.030858741386422563,0.0605969371854235
