prob,dialectness,score,macro_score
0.010114358708960935,0.02574123517431394,0.0051493243428999734,0.006742403561659427
