prob,dialectness,score,macro_score
0.09023064634704497,0.12421881549526007,0.060389332427578574,0.08540608592736992
