prob,dialectness,score,macro_score
0.0030541136917291265,0.026534797567309754,0.0008912959196430487,0.0013994095473503277
