prob,dialectness,score,macro_score
0.015836142583848967,0.016965335329072646,0.00256028376825246,0.0026770068907543184
