prob,dialectness,score,macro_score
0.005106782285506,0.04227963974229013,0.0020064718515195785,0.005408023182748566
