prob,dialectness,score,macro_score
0.8401353648188524,0.7898357198759913,0.6886756953192529,0.7135727128108376
