prob,dialectness,score,macro_score
0.8747694137180224,0.6334706901945174,0.571160029238307,0.5823463020016915
