prob,dialectness,score,macro_score
0.8254344695620239,0.9007988584041595,0.7412259104256642,0.7439479196201811
