prob,dialectness,score,macro_score
0.7950940374704077,0.9015541505813599,0.7170307038206114,0.7283911782861009
