prob,dialectness,score,macro_score,SpBLEU_corpus_score,ChrF_corpus_score
0.5705592326426995,0.44921386023110244,0.31434411978230314,0.34860242051445284,0.3574941945566409,0.538138068473614
