prob,dialectness,score,macro_score,SpBLEU_corpus_score,ChrF_corpus_score
0.5134954788812319,0.578169677798287,0.36823298545129346,0.39798218360885,0.11490997086674515,0.30807060592001523
