prob,dialectness,score,macro_score,SpBLEU_corpus_score,ChrF_corpus_score
0.529777015880827,0.42103562143660384,0.26200966568519696,0.2915994101112199,0.10022418587797005,0.3074457177044057
