prob,dialectness,score,macro_score,SpBLEU_corpus_score,ChrF_corpus_score
0.39537920362803564,0.6264450111583574,0.3033666097350165,0.34080508085393546,0.11056653071632824,0.28746332778146005
