prob,dialectness,score,macro_score,SpBLEU_corpus_score,ChrF_corpus_score
0.0078542313044818,0.22313759405980818,0.0024023048544287596,0.010375258698753336,0.034985295118179625,0.1280869177244827
