prob,dialectness,score,macro_score,SpBLEU_corpus_score,ChrF_corpus_score
0.06471600109420252,0.23169954315526411,0.04199439815593986,0.049206446841724726,0.03469992130014404,0.12192826542016205
