prob,dialectness,score,macro_score,SpBLEU_corpus_score,ChrF_corpus_score
0.010755368142308725,0.17163126157363875,0.002888294975398121,0.012844984763900386,0.05228137549935404,0.13995973749489274
