prob,dialectness,score,macro_score,SpBLEU_corpus_score,ChrF_corpus_score
0.14733493282783455,0.4808111529846792,0.07126747843593914,0.14285037882721552,0.10923661642238831,0.2956792655973682
