prob,dialectness,score,macro_score,SpBLEU_corpus_score,ChrF_corpus_score
0.008539333206499577,0.11685124994983198,0.001478526480968846,0.00471604287364214,0.016572011230552585,0.0783468870151009
