prob,dialectness,score,macro_score,SpBLEU_corpus_score,ChrF_corpus_score
0.1332409348681176,0.5984808112331667,0.0904476930582615,0.2603936484045598,0.10013326577003079,0.2714574193652144
