prob,dialectness,score,macro_score,SpBLEU_corpus_score,ChrF_corpus_score
0.3137448517594021,0.5307004465581849,0.1918261256392818,0.4788297863954394,0.07781000944524802,0.24205984620835536
