prob,dialectness,score,macro_score,SpBLEU_corpus_score,ChrF_corpus_score
0.5909157569166564,0.5070881455083145,0.3531359085063292,0.38417864708207916,0.21208650755798825,0.41583246459573475
