prob,dialectness,score,macro_score,SpBLEU_corpus_score,ChrF_corpus_score
0.5897524665371747,0.6326123083339189,0.44351352917975545,0.47334006219806496,0.15261142255853938,0.35947760397570777
