prob,dialectness,score,macro_score
0.8610277627408505,0.6255724818632007,0.5506013743168537,0.5550581701296062
