prob,dialectness,score,macro_score
0.0012094138392421882,0.7398923043906689,0.0008726520459873102,0.017713937819618348
