prob,dialectness,score,macro_score
0.011011887141922739,0.7292726289841437,0.007225796608406957,0.02825481646526228
