prob,dialectness,score,macro_score
0.9378132390230894,0.6877304462902248,0.6688550267502077,0.6774417278891035
