prob,dialectness,score,macro_score
0.0026928752642841293,0.7959285118879799,0.00201959035742244,0.008789068856870553
