prob,dialectness,score,macro_score
0.0026633625308750196,0.6147805676236748,0.001121683868115312,0.0045583307756417914
