prob,dialectness,score,macro_score
0.00018084901981637813,0.6468683415651322,0.00010955991038784856,0.0012854669234155557
