prob,dialectness,score,macro_score
0.12082242740695526,0.6642148239904715,0.0641728426451656,0.6590522432759318
