prob,dialectness,score,macro_score
0.02381933317577932,0.7644124400615692,0.01628501422248203,0.01660663645765096
