prob,dialectness,score,macro_score
0.01785566038379329,0.7447469949675724,0.00905532818169223,0.028484661121353706
