prob,dialectness,score,macro_score
0.0060606227474636395,0.6336935252696275,0.004077326327987904,0.0095465109430705
