prob,dialectness,score,macro_score
0.010231543964910089,0.7340868922322988,0.00928074193954336,0.010135027215819974
