prob,dialectness,score,macro_score
0.01815095920508611,0.7443801159411669,0.012596462260666415,0.021433599566809458
