prob,dialectness,score,macro_score
0.1351734872639645,0.6596222276357002,0.10105375598316232,0.6363394046851156
