prob,dialectness,score,macro_score
0.0050352877391560465,0.6925724606588483,0.0014700902650523913,0.010530273949268632
