prob,dialectness,score,macro_score
0.001490732075908454,0.6239657825883478,0.00017914817860849655,0.0007111255822110253
