prob,dialectness,score,macro_score
0.8614160037273542,0.6975341607781593,0.6466931473744434,0.6773358685686222
