prob,dialectness,score,macro_score
0.023777300782167003,0.7363617633283138,0.019040531504668813,0.02316351892847156
