prob,dialectness,score,macro_score
0.946659410893917,0.5492745835287497,0.5359213985838508,0.5469974569589793
