prob,dialectness,score,macro_score
0.004224381310050376,0.7266088832728564,0.00034358369115781827,0.007460253325759724
