prob,dialectness,score,macro_score
0.00780103158824204,0.7708374170958996,0.004339890352251607,0.014309019343061365
