prob,dialectness,score,macro_score
0.5058534810327774,0.5227816572243517,0.3375567961993788,0.35137927976985905
