prob,dialectness,score,macro_score
0.23690479061968456,0.439534478477494,0.11969314282701919,0.3262710354370277
