prob,dialectness,score,macro_score
0.24623541845852742,0.33716294820886106,0.09109988598202726,0.21184016808949957
