prob,dialectness,score,macro_score
0.0647320504183881,0.36254532508552073,0.01930621008375729,0.23526015292575142
