prob,dialectness,score,macro_score
0.01801774839854757,0.42800540698579315,0.006785900329095987,0.19341176337055405
