prob,dialectness,score,macro_score
0.3889668001246173,0.4402604316081852,0.19494870074567644,0.39867657201688844
