prob,dialectness,score,macro_score
0.19869537944163312,0.2780284699279582,0.0675669927668149,0.1773396442745759
