prob,dialectness,score,macro_score
0.18352130546118134,0.23575664350762962,0.051119573269390275,0.13739886578355473
