prob,dialectness,score,macro_score
0.14591380109483695,0.4448367554054718,0.06816088962341964,0.23967189791277554
