prob,dialectness,score,macro_score
0.2505286859392072,0.3248769661365077,0.08759348724218395,0.2400933674932814
