prob,dialectness,score,macro_score
0.6935796072904487,0.39885922816582026,0.28908610852337413,0.3041440553317855
