prob,dialectness,score,macro_score
0.4952255556808086,0.42316162161529064,0.23623413990382544,0.36102268269365095
