prob,dialectness,score,macro_score
0.2688071897445479,0.3403229534300044,0.10971249347460228,0.2600921066611787
