prob,dialectness,score,macro_score
0.7501743939088192,0.5218297430686653,0.4195296446746435,0.42094069470989814
