prob,dialectness,score,macro_score
0.09252795600920276,0.3527487784581767,0.047231948880823695,0.19841282371845567
