prob,dialectness,score,macro_score
0.30650968633577574,0.43435663858428597,0.14812236969649364,0.27237065701034024
