prob,dialectness,score,macro_score
0.16611384184098557,0.258465102157612,0.04491053557685556,0.12599016101534968
