prob,dialectness,score,macro_score
0.04944180706981569,0.2521899562142789,0.011134009393251898,0.1656789553707167
