prob,dialectness,score,macro_score
0.6669780089674169,0.33808104678522793,0.24046066116326018,0.2548356844776
