prob,dialectness,score,macro_score
0.4458766633061447,0.413990655551768,0.2224461646400664,0.2658827500217317
