prob,dialectness,score,macro_score
0.21505628459507156,0.4429420613509725,0.11836352001706972,0.32557815636653775
