prob,dialectness,score,macro_score
0.7445702407680801,0.4325725958868861,0.3381727899843396,0.33915259158059113
