prob,dialectness,score,macro_score
0.31783623556722884,0.1228637002594769,0.040397974024681656,0.09531932018026534
