prob,dialectness,score,macro_score
0.20207925227703527,0.35655704481061545,0.07372642595748793,0.20212641393031677
