prob,dialectness,score,macro_score
0.07604367569321767,0.5607194020785391,0.04814823367942966,0.14210215701736376
