prob,dialectness,score,macro_score
0.06425746629188646,0.10856423082977834,0.04971020056704274,0.0590508374581321
