prob,dialectness,score,macro_score
0.11983472996304044,0.6596817973256112,0.08979134645015213,0.09055932239785806
