prob,dialectness,score,macro_score
0.022314801455795532,0.3912037582835183,0.004017508298362762,0.017459349355844464
