prob,dialectness,score,macro_score
0.4141870991594624,0.5955604700744153,0.27120186008750796,0.5633099422910116
