prob,dialectness,score,macro_score
0.042793809642046314,0.0920403494001037,0.027240223848012696,0.07817026506218139
