prob,dialectness,score,macro_score
0.07410368324723095,0.4968917864561081,0.03633041630888046,0.05932019072763509
