prob,dialectness,score,macro_score
0.07541982417897089,0.4860113408108009,0.03169982664346144,0.23951260664619922
