prob,dialectness,score,macro_score,SpBLEU_corpus_score,ChrF_corpus_score
0.3732917919616739,0.4798834897414781,0.20665365511383052,0.425205454585616,0.07574388671296592,0.26601255319193673
