prob,dialectness,score,macro_score,SpBLEU_corpus_score,ChrF_corpus_score
0.0014805382775739417,0.12500703306053765,0.00023181882397894628,0.0014134586408916983,0.024133892454602814,0.08977355093931905
