prob,dialectness,score,macro_score,SpBLEU_corpus_score,ChrF_corpus_score
0.08124690192897105,0.2091632758884225,0.04101351576436632,0.056824011407130934,0.05293143019599853,0.1473064870317086
