prob,dialectness,score,macro_score
0.08155291436435279,0.025006512136461986,0.0060755494716810314,0.011302455799395266
