prob,dialectness,score,macro_score
0.3500840736797545,0.09708440117305145,0.03495996467812191,0.08426928598422094
