prob,dialectness,score,macro_score
0.1920046408046619,0.058833203584654256,0.016936789062420285,0.048766223391385664
