prob,dialectness,score,macro_score
0.09983403336802366,0.06175213083836504,0.012514653271452623,0.039824502541450174
