prob,dialectness,score,macro_score
0.2967707919573877,0.0449799540580716,0.021741628678620263,0.03668721560640368
