prob,dialectness,score,macro_score
0.22555255399201996,0.053549494212493304,0.013616441541986322,0.039698007748071466
