prob,dialectness,score,macro_score
0.4106193905867985,0.6891928596794605,0.2738230238987159,0.36855417678774754
