prob,dialectness,score,macro_score
0.005323856059112586,0.7492490901611746,0.0027221912227993793,0.03978811227208474
