prob,dialectness,score,macro_score
0.031194500686314148,0.7498369595055939,0.022230917977676422,0.12448591502428609
