prob,dialectness,score,macro_score
0.016266206712971326,0.587792336344719,0.005740730385865599,0.029408406235194015
