prob,dialectness,score,macro_score
0.2557822810544167,0.6203249056637287,0.15902145114774346,0.5764293215155303
