prob,dialectness,score,macro_score
0.2917513714218512,0.7849607796315103,0.23336882417148366,0.7019010715772492
