prob,dialectness,score,macro_score
0.13516285822261126,0.6130282561480999,0.08022769451393395,0.09285424466752218
