prob,dialectness,score,macro_score
0.11522805807762779,0.7157217696309089,0.08402178778708418,0.11351421756116191
