prob,dialectness,score,macro_score
0.5994882736352156,0.5009915565699339,0.30914856991813106,0.3189382665996744
