prob,dialectness,score,macro_score
0.2709159327822272,0.7621119737625122,0.20461621147360073,0.729013069217692
