prob,dialectness,score,macro_score
0.12593291415070215,0.6229255710696352,0.07011613640314875,0.26119860119306926
