prob,dialectness,score,macro_score
0.009776050994041725,0.6852456960827112,0.0042330621022136986,0.04779789339450936
