prob,dialectness,score,macro_score
0.35715064699373517,0.787877728159611,0.28724224513590313,0.67717032141963
