prob,dialectness,score,macro_score
0.07035107777643133,0.6589080561557785,0.03228135246475638,0.07040472432320358
