prob,dialectness,score,macro_score
0.2739497019833652,0.5897395617514849,0.18278005295604427,0.5211138842474711
