prob,dialectness,score,macro_score
0.32150423656246857,0.7574058316648007,0.26035194191900146,0.7014866850891999
