prob,dialectness,score,macro_score
0.1938655802910216,0.7916787684336305,0.14469631115132003,0.14644483138583753
