prob,dialectness,score,macro_score
0.5368012089683907,0.6813920132629573,0.3601047068946859,0.4033291779922797
