prob,dialectness,score,macro_score
0.22492826974164928,0.7742766854166985,0.17224080965439006,0.18152950788047645
