prob,dialectness,score,macro_score
0.15024345276295206,0.7159283900959417,0.11450978150651968,0.29093028417525224
