prob,dialectness,score,macro_score
0.8027177569665946,0.4786853133304976,0.41088112577795977,0.41607755823885606
