prob,dialectness,score,macro_score
0.804581666101003,0.6052201741049066,0.4999865474290679,0.5058473415965135
