prob,dialectness,score,macro_score,SpBLEU_corpus_score,ChrF_corpus_score
0.6095842503834865,0.6490376182779437,0.46074219512172476,0.4854816769396165,0.14824050447147605,0.3437230923744514
