prob,dialectness,score,macro_score,SpBLEU_corpus_score,ChrF_corpus_score
0.6492673335560539,0.5608534556892119,0.4199409781602438,0.44274101628251045,0.17458764824035003,0.37150509376090307
