prob,dialectness,score,macro_score,SpBLEU_corpus_score,ChrF_corpus_score
0.6438028767763171,0.6801180808449863,0.5054911651058537,0.5270784831920019,0.16484048223796144,0.34950201485860277
