prob,dialectness,score,macro_score,SpBLEU_corpus_score,ChrF_corpus_score
0.5991846042004181,0.6330773400352336,0.4443308614459529,0.4736406287244999,0.18522615167905682,0.3728663006755316
