prob,dialectness,score,macro_score,SpBLEU_corpus_score,ChrF_corpus_score
0.6098423081275541,0.5246818733331747,0.37525575656146626,0.3994230960472121,0.20380590088659775,0.40610403818134055
