prob,dialectness,score,macro_score,SpBLEU_corpus_score,ChrF_corpus_score
0.5668227602551633,0.44916236564313294,0.3246228004849829,0.3521450526373867,0.3687249982160251,0.5421578506024803
