prob,dialectness,score,macro_score,SpBLEU_corpus_score,ChrF_corpus_score
0.6561047029745533,0.5440865188764292,0.39815151758561407,0.4390716406462167,0.21267484217255123,0.41110779968051003
