prob,dialectness,score,macro_score,SpBLEU_corpus_score,ChrF_corpus_score
0.6045915928200702,0.6545505165072973,0.45431053246894637,0.4796309063335176,0.18689546175496424,0.3806881067066154
