prob,dialectness,score,macro_score,SpBLEU_corpus_score,ChrF_corpus_score
0.6024770630177226,0.6616467906301842,0.45694138377382415,0.4805254553222869,0.14409539841981767,0.3222781205538692
