prob,dialectness,score,macro_score,SpBLEU_corpus_score,ChrF_corpus_score
0.595489766355895,0.6612517040484818,0.45913606967393117,0.4823902972651066,0.09256472026891861,0.30733133777746685
