prob,dialectness,score,macro_score,SpBLEU_corpus_score,ChrF_corpus_score
0.5741049814291181,0.4308897531655384,0.3181038165542197,0.3482247853123171,0.3784989222975625,0.5536700287637948
