prob,dialectness,score,macro_score,SpBLEU_corpus_score,ChrF_corpus_score
0.6067213318080757,0.6658640566247049,0.467431797203284,0.49371477428114546,0.17649803392625113,0.36650934887834624
