prob,dialectness,score,macro_score,SpBLEU_corpus_score,ChrF_corpus_score
0.12382976672670339,0.20998267947288696,0.08000026704379067,0.09869225512698154,0.008956667403770558,0.05718722654410893
