prob,dialectness,score,macro_score,SpBLEU_corpus_score,ChrF_corpus_score
0.6151650112758216,0.6760511547530769,0.4657205389234229,0.49700700699313216,0.1585869880108324,0.3584377078607687
