prob,dialectness,score,macro_score,SpBLEU_corpus_score,ChrF_corpus_score
0.089256191245222,0.1413196508854162,0.05320851234919924,0.06447245914859617,0.00390885697673385,0.03338679829915004
