prob,dialectness,score,macro_score,SpBLEU_corpus_score,ChrF_corpus_score
0.63008329086093,0.6844664308830397,0.4929615749971889,0.5123762759918074,0.17457992237454895,0.35758927862302836
