prob,dialectness,score,macro_score,SpBLEU_corpus_score,ChrF_corpus_score
0.5791281504597282,0.4795877776882844,0.3324705882436287,0.3531994268008043,0.33025337501935453,0.5211955616623464
