prob,dialectness,score,macro_score,SpBLEU_corpus_score,ChrF_corpus_score
0.6070213462979882,0.6742670697509311,0.4667132146225997,0.49891461081529587,0.13636719132747607,0.35351994087361605
