prob,dialectness,score,macro_score,SpBLEU_corpus_score,ChrF_corpus_score
0.6310155832726742,0.6429493646480842,0.4722266571852304,0.5074116487267254,0.13100330078802933,0.3284098679914176
