prob,dialectness,score,macro_score,SpBLEU_corpus_score,ChrF_corpus_score
0.6000199109333334,0.6972994240594562,0.4785921317583464,0.5035257422498348,0.14968994952093936,0.32870873982438875
