prob,dialectness,score,macro_score,SpBLEU_corpus_score,ChrF_corpus_score
0.6427182655109209,0.6209533145392198,0.4332291920300996,0.4782172338646328,0.14503964636639088,0.3411236702010472
