prob,dialectness,score,macro_score
0.8935053970897571,0.7317790316045284,0.6612294718000978,0.665495843737401
