prob,dialectness,score,macro_score
0.8856813441496343,0.6540889551490545,0.5917614668872844,0.5972298132677352
