prob,dialectness,score,macro_score,SpBLEU_corpus_score,ChrF_corpus_score
0.5375168660195777,0.6100689137598966,0.39109339540311694,0.43331699442972693,0.05263578469879774,0.25053049257327215
