prob,dialectness,score,macro_score,SpBLEU_corpus_score,ChrF_corpus_score
0.3968611149674689,0.6124909213045612,0.28900964033843995,0.3409085099933594,0.05045072251980112,0.21070359364361138
