prob,dialectness,score,macro_score
0.11170343535430753,0.08694336859737475,0.013400689765627074,0.04889613093932968
