prob,dialectness,score,macro_score
0.2813931167160391,0.1619121201120016,0.1090668400711236,0.10954544998197652
