prob,dialectness,score,macro_score
0.04543770778650239,0.07267890014154178,0.001002777444035242,0.036364066227668045
