prob,dialectness,score,macro_score
0.12858178010069285,0.07340521727526335,0.028890740759194896,0.056722440171757246
