prob,dialectness,score,macro_score
0.3983371046965476,0.0810365909198299,0.04047427761781832,0.07392994497012824
