prob,dialectness,score,macro_score
0.20197277543367817,0.00032502889051102104,0.0001351949503443208,0.0001949647079326073
