prob,dialectness,score,macro_score
0.26205711352376965,0.04415090893977322,0.009977055116113473,0.03821276861056775
