prob,dialectness,score,macro_score
0.5117533777590143,0.07241859489004128,0.05396098990683336,0.05853740840967395
