prob,dialectness,score,macro_score
0.24944310840568507,0.029889936804538594,0.016468223851260455,0.021583773622188374
