prob,dialectness,score,macro_score
0.41883285134099424,0.12965913044638,0.11352297747147606,0.11389229805702106
