prob,dialectness,score,macro_score
0.1378154788187451,0.058675174328564395,0.013002800134122366,0.041775024972338905
