prob,dialectness,score,macro_score
0.24340150624979287,0.0007988484844099731,0.00010632096868249294,0.0006787568033359685
