prob,dialectness,score,macro_score
0.27516060838708656,0.06291315149050206,0.02361891704806722,0.05181625802938446
