prob,dialectness,score,macro_score
0.6589906970225274,0.08205924431327731,0.07702743554646896,0.07946668146297635
