prob,dialectness,score,macro_score
0.1211573121057367,0.06705154782640889,0.00962554525924296,0.03170702658925665
