prob,dialectness,score,macro_score
0.2314566024611122,0.057221796181984245,0.01523262029060456,0.049251867677975306
