prob,dialectness,score,macro_score
0.35618936422403263,0.08425012741042677,0.047569503779529704,0.06571389908657256
