prob,dialectness,score,macro_score
0.12472016199491918,0.02674857751233503,0.0006227687028158864,0.016314615691411415
