prob,dialectness,score,macro_score
0.09324303934482311,0.018645342578758682,0.0015473169800635405,0.0056947039226403024
