prob,dialectness,score,macro_score
0.36725726450560614,0.05675891561666504,0.022518410298426224,0.051743285934992736
