prob,dialectness,score,macro_score
0.16671667691436595,0.029932549499790184,0.006117247652738463,0.02298688387476072
