prob,dialectness,score,macro_score
0.4188809705560561,0.011131539745256304,0.0041103473037121495,0.006375433469472377
