prob,dialectness,score,macro_score
0.4138508775785158,0.021113108394201843,0.003037694505908023,0.0048075287634887645
