prob,dialectness,score,macro_score
0.4297245730448049,0.13151947612757794,0.10764123947381626,0.11237071332008577
