prob,dialectness,score,macro_score
0.02817446975971718,0.15637930776133682,0.017954731043872716,0.08344998415512755
