prob,dialectness,score,macro_score
0.03256006834786291,0.091737016395788,0.02423816947507664,0.03202371089882717
