prob,dialectness,score,macro_score
0.23009709992620628,0.49966384656727314,0.1162777252513173,0.19203795667804266
