prob,dialectness,score,macro_score
0.17434572803598714,0.4923149028420448,0.10393631057262365,0.23676518280145853
