prob,dialectness,score,macro_score
0.002783903131270875,0.11118636122255614,0.0011987646677844462,0.02078453050249369
