prob,dialectness,score,macro_score,SpBLEU_corpus_score,ChrF_corpus_score
0.6544768122634559,0.6929256455856375,0.510233365607892,0.5399837411346726,0.16591347303712817,0.3571282185167467
