prob,dialectness,score,macro_score,SpBLEU_corpus_score,ChrF_corpus_score
0.6111046006169636,0.6546688881024602,0.4646844279411812,0.4993129844106704,0.14463602508874943,0.34418932545716885
