prob,dialectness,score,macro_score,SpBLEU_corpus_score,ChrF_corpus_score
0.6387458594492637,0.7273814026842592,0.5177333260100557,0.5440007462778713,0.1605092374125866,0.3566361077574525
