prob,dialectness,score,macro_score,SpBLEU_corpus_score,ChrF_corpus_score
0.6156644183708704,0.6708953127317363,0.47966294305636387,0.507060992284794,0.15761353681028625,0.3580645736251639
