prob,dialectness,score,macro_score
0.7314883921062574,0.4609188416460529,0.3457933556148832,0.34672912338261663
