prob,dialectness,score,macro_score
0.9405738499946892,0.6567964490316808,0.63098859893865,0.631670605790526
