prob,dialectness,score,macro_score
0.01912079201752527,0.11042796436584357,0.00962069609843695,0.08494542507642236
