prob,dialectness,score,macro_score
0.049041520845323726,0.12232190897368421,0.04017253264206968,0.06186204861459258
