prob,dialectness,score,macro_score
0.03722103093692567,0.525030106632039,0.007407615596433025,0.023254644237009445
