prob,dialectness,score,macro_score
0.6915393380436581,0.5743121263384819,0.3858579036938258,0.38819799435652674
