prob,dialectness,score,macro_score
0.0738304744821653,0.5507918289303779,0.04693403735432025,0.21768747017352813
