prob,dialectness,score,macro_score
0.12351472021052332,0.11909838743282086,0.08807989598111432,0.09085497780310563
