prob,dialectness,score,macro_score
0.754494107447681,0.6571079209446907,0.5440778784410992,0.5676853398231252
