prob,dialectness,score,macro_score
0.001631969319082646,0.074956555540363,0.0003066641796595808,0.03889834098513058
