prob,dialectness,score,macro_score
0.17340803451486864,0.34667483730358073,0.05210502625574906,0.20641692085941327
