prob,dialectness,score,macro_score
0.08528784924742973,0.14068454789994944,0.054503436577796514,0.10860790839396421
