prob,dialectness,score,macro_score,SpBLEU_corpus_score,ChrF_corpus_score
0.6139415339866536,0.6556424285750836,0.47101926384799675,0.510742851527012,0.16790816589984853,0.36493353315935756
