prob,dialectness,score,macro_score,SpBLEU_corpus_score,ChrF_corpus_score
0.49868451391696,0.40052080751192987,0.2883201166433262,0.3048208827580802,0.22080222815824932,0.41851291134300894
