prob,dialectness,score,macro_score,SpBLEU_corpus_score,ChrF_corpus_score
0.25836753634386694,0.23031156390177784,0.10426043133770908,0.1769423203291555,0.21305758358240098,0.40908620335098134
