prob,dialectness,score,macro_score,SpBLEU_corpus_score,ChrF_corpus_score
0.179311679037055,0.2673821957819746,0.06758440222282762,0.2190825640605594,0.2740612473508702,0.47932859456386206
