prob,dialectness,score,macro_score,SpBLEU_corpus_score,ChrF_corpus_score
0.23374664458664485,0.5980665245867567,0.15341957822220312,0.46398406726390234,0.16420809795951044,0.3635471741040382
