prob,dialectness,score,macro_score,SpBLEU_corpus_score,ChrF_corpus_score
0.13496452368177414,0.20489005619165254,0.06030860553960594,0.16313446007454982,0.23644626820558468,0.44157584058014543
