prob,dialectness,score,macro_score,SpBLEU_corpus_score,ChrF_corpus_score
0.5828439071396133,0.6418278651949367,0.44612513024899364,0.47825571248977156,0.1513009873063787,0.3532739996796843
