prob,dialectness,score,macro_score,SpBLEU_corpus_score,ChrF_corpus_score
0.28686468078187316,0.422961572080967,0.13955081582125195,0.3246609262003667,0.11983693180604696,0.3010242178503228
