prob,dialectness,score,macro_score,SpBLEU_corpus_score,ChrF_corpus_score
0.1579504643072869,0.22554460811894386,0.05064768607903154,0.09335671175177197,0.5651897294552646,0.6943599959508773
