prob,dialectness,score,macro_score,SpBLEU_corpus_score,ChrF_corpus_score
0.20747879767135602,0.570053189410246,0.1522983773344965,0.47194170543955993,0.18652143437248633,0.35865352249155047
