prob,dialectness,score,macro_score,SpBLEU_corpus_score,ChrF_corpus_score
0.0715465782789397,0.011612317863036879,0.0006909920750272935,0.006088113499903297,0.2959556947766634,0.48953151808045847
