prob,dialectness,score,macro_score,SpBLEU_corpus_score,ChrF_corpus_score
0.28783898679950654,0.5499307633831632,0.17672923373721885,0.27694398218436306,0.15267899191198536,0.37408053222532817
