prob,dialectness,score,macro_score,SpBLEU_corpus_score,ChrF_corpus_score
0.6059921774390387,0.6320417630381416,0.4564013727953582,0.48497358835065785,0.15703006637601852,0.35181491454387237
