prob,dialectness,score,macro_score,SpBLEU_corpus_score,ChrF_corpus_score
0.39304819510936795,0.4390169264818542,0.2349498717625065,0.3752879350052089,0.12360635225015053,0.31377765174853783
