prob,dialectness,score,macro_score,SpBLEU_corpus_score,ChrF_corpus_score
0.47706333388065103,0.3792029954158352,0.26254049866799617,0.28659751883271267,0.38052692208894423,0.5513004450489523
