dataset,dialect_code,prob,dialectness,score,macro_score,SpBLEU_corpus_score,ChrF_corpus_score
BTEC,egy-eng,0.0,0.0,0.0,0.0,0.3836399437077317,0.5579291769792387
BTEC,egy-msa,0.0,0.0,0.0,0.0,0.19474635763671827,0.43112334714918965
BTEC,eng-egy,0.5717124734455138,0.6371934628451709,0.45072161695026636,0.4708947948184373,0.15111102377995198,0.35078862027251617
BTEC,msa-egy,0.5828439071396133,0.6418278651949367,0.44612513024899364,0.47825571248977156,0.1513009873063787,0.3532739996796843
FLORES,egy-eng,0.0,0.0,0.0,0.0,0.3155241465458704,0.5653832582255032
FLORES,egy-msa,0.0,0.0,0.0,0.0,0.45558498599202557,0.6156786525434782
FLORES,eng-egy,0.4917517306347145,0.4296100576268509,0.29567174202696733,0.32361724514660617,0.22075635585309605,0.4177862885042049
FLORES,msa-egy,0.508111790154071,0.40705546419136224,0.27854171394208244,0.2937967350895995,0.3570471247598324,0.5362840672798233
