prob,dialectness,score,macro_score,SpBLEU_corpus_score,ChrF_corpus_score
0.640979725382931,0.6896899594349089,0.4995847456901734,0.525251443019432,0.1880459398643094,0.3846311491539872
