prob,dialectness,score,macro_score,SpBLEU_corpus_score,ChrF_corpus_score
0.6109968637829297,0.5132587999012321,0.3706224503970034,0.3973666326799345,0.20976476793782745,0.40330147235094727
