prob,dialectness,score,macro_score,SpBLEU_corpus_score,ChrF_corpus_score
0.5713142994866939,0.5929253468918614,0.40598522687584065,0.4351413958144688,0.13135077213176571,0.3303970298765821
