prob,dialectness,score,macro_score
0.16204984674914158,0.7489537960663438,0.12886882139044176,0.646484739666647
