prob,dialectness,score,macro_score
0.07053469821432373,0.7608137375488877,0.05482425715415737,0.3763784406611686
