prob,dialectness,score,macro_score
0.05006886285962537,0.8122441159188747,0.040664943853606354,0.27975157557936625
