prob,dialectness,score,macro_score
0.8255872434610501,0.5234507509029936,0.44090071352803517,0.45868894614964334
