prob,dialectness,score,macro_score
0.1429865411213541,0.7558201291412115,0.1148044470056323,0.21806303897224524
