prob,dialectness,score,macro_score
0.898791961632669,0.8012527458369731,0.7293300031428456,0.7320884660322874
