prob,dialectness,score,macro_score
0.20419571448699572,0.7064968865551055,0.14331088405858203,0.3809536727357948
