prob,dialectness,score,macro_score
0.0657081561308587,0.635470374841243,0.04555020766476149,0.23782939348084026
