prob,dialectness,score,macro_score
0.10780201109109937,0.7730032074195082,0.0865108991555351,0.6979711049147742
