prob,dialectness,score,macro_score
0.06901406545890496,0.6765118916518986,0.040976941479926456,0.10308363045793849
