prob,dialectness,score,macro_score
0.023839751408377196,0.6221150112431496,0.017531654613433686,0.03616824295620572
