prob,dialectness,score,macro_score
0.8820123085076921,0.7801291333604604,0.7254064139034619,0.73323696670303
