prob,dialectness,score,macro_score
0.07495715257653501,0.6141796519607305,0.05460560595646734,0.12749607731761098
