prob,dialectness,score,macro_score
0.8971738030714914,0.7886816029064357,0.7221795486266864,0.7235506428169769
