prob,dialectness,score,macro_score
0.6681487752054818,0.6746829014678951,0.4548385545329886,0.4810819191289154
