prob,dialectness,score,macro_score
0.06486143619613124,0.7890961731855686,0.05320770167475929,0.10943965417959389
