prob,dialectness,score,macro_score
0.43268587652011775,0.6911386394500733,0.2793406500679152,0.33310378905267746
