prob,dialectness,score,macro_score
0.005022059714829084,0.7469481748342514,0.0027067326723376486,0.07097236447485768
