prob,dialectness,score,macro_score
0.8823825965914875,0.6524500127695501,0.6030896410109726,0.6085002713360513
