prob,dialectness,score,macro_score
0.012430657339282334,0.7213763065938837,0.006050560267487936,0.054055703642137326
