prob,dialectness,score,macro_score
0.10110287779932788,0.6274472445713881,0.05265402019521416,0.2914926641727942
