dataset,dialect_code,prob,dialectness,score,macro_score
BTEC,egy,0.8401353648188524,0.7898357198759913,0.6886756953192529,0.7135727128108376
FLORES,egy,0.8747694137180224,0.6334706901945174,0.571160029238307,0.5823463020016915
HABIBI,egy,0.8971738030714914,0.7886816029064357,0.7221795486266864,0.7235506428169769
