prob,dialectness,score,macro_score
0.8224085843760985,0.7255345579981803,0.5937153627705163,0.6043060855460312
