prob,dialectness,score,macro_score
0.8314717669319361,0.8308029799163341,0.6961361493003326,0.6986890382724242
