prob,dialectness,score,macro_score
0.08124094555911142,0.24166989251039922,0.02968389592591753,0.03612169924450584
