prob,dialectness,score,macro_score
0.14954818701080513,0.2963878474012017,0.06556366826133518,0.06968901254107066
