prob,dialectness,score,macro_score
0.0001677590705367038,0.6214453142881393,0.00010403046553642489,0.00036553049118201745
