prob,dialectness,score,macro_score
0.017793088676460848,0.10410443776183659,0.006231110030404097,0.00758802142812908
