prob,dialectness,score,macro_score
0.011654210758861154,0.6596804833412171,0.009254283884633875,0.009546290819135177
