prob,dialectness,score,macro_score
0.016281217294321818,0.1919403751992216,0.01125521630222263,0.18286370593689594
