prob,dialectness,score,macro_score,SpBLEU_corpus_score,ChrF_corpus_score
0.6037733980754274,0.6465145091040176,0.4597606198780336,0.4902930219279176,0.1557421791747904,0.3561506534399058
