prob,dialectness,score,macro_score,SpBLEU_corpus_score,ChrF_corpus_score
0.612957514204827,0.6935437738825567,0.47990910905179207,0.5086793828833658,0.1634611869642807,0.35821552024934517
