prob,dialectness,score,macro_score,SpBLEU_corpus_score,ChrF_corpus_score
0.6663869870979398,0.5888882464967901,0.4427992134045677,0.4779307845777201,0.15962786914227714,0.36314715042072004
