prob,dialectness,score,macro_score
0.8644682809337974,0.8083215811848641,0.7013279786111923,0.7046630233055131
