prob,dialectness,score,macro_score
0.8839316471200437,0.6634259801357985,0.5974757772586997,0.5987909376595926
