prob,dialectness,score,macro_score
0.00918805625726236,0.5644783056341112,0.005270657699989447,0.049744907848437526
