prob,dialectness,score,macro_score
0.027307610372663476,0.47397291177883744,0.010182704415904454,0.08785882395216328
