prob,dialectness,score,macro_score
0.1399583262889064,0.5680235345661641,0.07824979601777916,0.5028320859451425
