prob,dialectness,score,macro_score
0.13887528823172032,0.46795739165041594,0.07419992908448178,0.20314643573617538
