prob,dialectness,score,macro_score
0.03030319690995384,0.429821427538991,0.011298264699083176,0.021607418505013517
