prob,dialectness,score,macro_score
0.44616540039889513,0.559998025521636,0.2677496319250966,0.35543834283322284
