prob,dialectness,score,macro_score
0.07885653537585202,0.09775118590003312,0.049839670526559035,0.05385218491132783
