prob,dialectness,score,macro_score
0.7369901198119624,0.4939524407440331,0.42980781074386243,0.43498150036183825
