prob,dialectness,score,macro_score
0.8279983248817735,0.6530090207234025,0.574767894014971,0.5757137832494479
