prob,dialectness,score,macro_score
0.7920517532568192,0.6591784993559122,0.5773836219960793,0.5905103028684191
