prob,dialectness,score,macro_score,SpBLEU_corpus_score,ChrF_corpus_score
0.6158040041901404,0.6524710027000401,0.4740104400592699,0.49993912112219335,0.18304041771170967,0.3741465427100153
