prob,dialectness,score,macro_score,SpBLEU_corpus_score,ChrF_corpus_score
0.3171755522284366,0.3383695414068643,0.24655667925275115,0.2644017315825777,0.022470469190956365,0.14634656083554193
