prob,dialectness,score,macro_score,SpBLEU_corpus_score,ChrF_corpus_score
0.5635814830683376,0.6240050047740806,0.42757699759356493,0.46452526498509605,0.15736387567704122,0.3545975261452774
