prob,dialectness,score,macro_score
0.6061725149516133,0.6506571507081389,0.4367910348487476,0.45293348453357185
