prob,dialectness,score,macro_score
0.5028798605760676,0.6784301806613803,0.3574999502754933,0.3659707972613966
