prob,dialectness,score,macro_score
0.13517070348083507,0.5052391895651818,0.07181415070465698,0.3780665070235336
