prob,dialectness,score,macro_score
0.17213269053201657,0.5982308793172706,0.11474394680608636,0.26431383357519384
