prob,dialectness,score,macro_score
0.20869297024706612,0.5266457138583064,0.1301771154844366,0.43707698256957755
