prob,dialectness,score,macro_score
0.2517802184126758,0.6799366384362563,0.18420475086471952,0.4487836123846891
