prob,dialectness,score,macro_score
0.8699290852557169,0.5764297329506372,0.5211009316991522,0.5438067339606111
