prob,dialectness,score,macro_score
0.16688463209124166,0.6233227583020926,0.1277696351114906,0.5085452534771172
