prob,dialectness,score,macro_score
0.017106123113335342,0.7096096929744817,0.00787065296470877,0.03364270060843139
