prob,dialectness,score,macro_score
0.004414797620437383,0.7469098223134493,0.0021414828022724894,0.015006040667292426
