prob,dialectness,score,macro_score
0.00019538763066520915,0.6049665165506304,0.0001157229792166327,0.0004986003247580526
