prob,dialectness,score,macro_score
0.006023580293694977,0.7935483242571354,0.004942719567012258,0.012727219137790539
