prob,dialectness,score,macro_score
0.7840598498843611,0.6454170183651149,0.5232128590555682,0.5370710417432256
