prob,dialectness,score,macro_score,SpBLEU_corpus_score,ChrF_corpus_score
0.2828371274968958,0.6461388606455876,0.19204353346229486,0.5024086165704361,0.13302163009692763,0.3431348312623202
