prob,dialectness,score,macro_score,SpBLEU_corpus_score,ChrF_corpus_score
0.46441614163122724,0.5504084937646985,0.2998693906675316,0.3310988669086335,0.18735453382771958,0.38026029800284467
