prob,dialectness,score,macro_score,SpBLEU_corpus_score,ChrF_corpus_score
0.07588152008411271,0.3543664457532577,0.018918212403610492,0.05529211108698542,0.15438467333003889,0.3509438682263946
