prob,dialectness,score,macro_score,SpBLEU_corpus_score,ChrF_corpus_score
0.20398954845357367,0.4966600209104945,0.11627703163702403,0.22492451562077073,0.19185120803269087,0.37974545562186957
