prob,dialectness,score,macro_score,SpBLEU_corpus_score,ChrF_corpus_score
0.2976198013460089,0.3936067164235283,0.13647144187189678,0.32960536845335753,0.25602669385206883,0.4580597491073765
