prob,dialectness,score,macro_score,SpBLEU_corpus_score,ChrF_corpus_score
0.4112330285281496,0.47851641377143095,0.2437832667166107,0.3991990963634609,0.10644040606431508,0.2896931649386072
