prob,dialectness,score,macro_score,SpBLEU_corpus_score,ChrF_corpus_score
0.5723487162429955,0.6755873627832625,0.4510639998799681,0.48571387746489686,0.15142137209336912,0.3616580146948582
