prob,dialectness,score,macro_score,SpBLEU_corpus_score,ChrF_corpus_score
0.5334333368860098,0.6433544198411982,0.3964742491283218,0.4175982400401144,0.1488710928788291,0.3417850776085965
