prob,dialectness,score,macro_score,SpBLEU_corpus_score,ChrF_corpus_score
0.06415033480214333,0.36224313310871364,0.021317592326545204,0.053439783142322846,0.41801595181716905,0.5864539655128647
