prob,dialectness,score,macro_score,SpBLEU_corpus_score,ChrF_corpus_score
0.42530714196080227,0.46029157501354345,0.23700261231573563,0.26719766417922985,0.3451269484869063,0.5259148513564272
