prob,dialectness,score,macro_score,SpBLEU_corpus_score,ChrF_corpus_score
0.2772941156235902,0.6243137029354693,0.19486749732401532,0.5100851403873498,0.16119333819504952,0.3476694947247392
