prob,dialectness,score,macro_score,SpBLEU_corpus_score,ChrF_corpus_score
0.3073134133423446,0.49888210876728406,0.172168151052577,0.42224033955054013,0.18656838901868064,0.3890553120898554
