prob,dialectness,score,macro_score,SpBLEU_corpus_score,ChrF_corpus_score
0.18143597415772092,0.57026366389764,0.11056445690685815,0.2171163499141812,0.141020469907376,0.34730367402287515
