prob,dialectness,score,macro_score,SpBLEU_corpus_score,ChrF_corpus_score
0.34002341179162615,0.5365566834920901,0.2144081072628009,0.4305406782192952,0.10937070803652352,0.28204276754215696
