prob,dialectness,score,macro_score
0.8439785900508286,0.6754835071228444,0.6147233246544291,0.6237354955520077
