prob,dialectness,score,macro_score
0.3009858036611695,0.38064993192092517,0.11066304405196194,0.32632920065640475
