prob,dialectness,score,macro_score
0.36074352280353195,0.37948170489631594,0.16398157637841387,0.34649291494599166
