prob,dialectness,score,macro_score
0.008921026360394076,0.01946122914251655,0.0017819451554644853,0.0043000103415166205
