prob,dialectness,score,macro_score
0.021863397012639327,0.04262733359355479,0.009786858124435062,0.01602493848534419
