prob,dialectness,score,macro_score
0.011263293307333376,0.10214663099561055,0.007711977358996638,0.011856029733996604
