prob,dialectness,score,macro_score
0.016263719003134867,0.06036668519179026,0.010934804509942685,0.028423350025257737
