prob,dialectness,score,macro_score
0.036789909393410196,0.06992652585729957,0.023683285491170873,0.03812152271881571
