prob,dialectness,score,macro_score
0.7308135072723962,0.4328092985181138,0.34478614216577524,0.34953413231636704
