prob,dialectness,score,macro_score
0.15519690797344082,0.37063291495491285,0.0650027347584533,0.14857850355509375
