prob,dialectness,score,macro_score
0.5400645453552716,0.46081788159906867,0.2624531270486896,0.2640454376687581
