prob,dialectness,score,macro_score
0.04912857879971853,0.11352995608001948,0.02932424326955464,0.050865995359663844
