prob,dialectness,score,macro_score
0.04151097198424395,0.36075016169808805,0.013607533425073384,0.14088275237436712
