prob,dialectness,score,macro_score
0.01252004196114763,0.022996915353819578,0.00123960029957529,0.013282858447726966
