prob,dialectness,score,macro_score
0.00029643675056050976,0.04619766146208,0.00010536172733506226,0.011057558669288517
