prob,dialectness,score,macro_score
0.8246941342949867,0.45533035779371855,0.3896759678455624,0.3984663775215007
