prob,dialectness,score,macro_score
0.8357941981218755,0.8529251679778099,0.7196936035766183,0.7255202688253469
