prob,dialectness,score,macro_score
0.2808127170044463,0.1441342825256288,0.039886990983430286,0.10420857946987351
