prob,dialectness,score,macro_score
0.24704599982942455,0.37370418081991374,0.094322924499814,0.26102633230195466
