prob,dialectness,score,macro_score
0.8102454966201913,0.42431273639551365,0.35750991296578943,0.3677994309101248
