prob,dialectness,score,macro_score
0.0897921849944396,0.35836818392388525,0.023866894895050828,0.23440261595040654
