prob,dialectness,score,macro_score
0.1011995513067402,0.1002795086665587,0.06138466259346982,0.06469545412945346
