prob,dialectness,score,macro_score
0.03683525535355633,0.09031061868823011,0.015080054531269994,0.04313271999130585
