prob,dialectness,score,macro_score
0.036682571207450686,0.12610746991604266,0.025850783195071784,0.07642284382462576
