prob,dialectness,score,macro_score
0.22619943014375166,0.2710511312028393,0.0686452528618981,0.16015524762843417
