prob,dialectness,score,macro_score
0.7431388477364089,0.34087173993233594,0.27149006405227627,0.2846732100870014
