prob,dialectness,score,macro_score
0.762034595105215,0.4143273258022964,0.3343292042347328,0.3366702167784915
