prob,dialectness,score,macro_score
0.4091759468702367,0.6223124812543392,0.24957053247045877,0.26251231857962826
