prob,dialectness,score,macro_score
0.04437046909690252,0.37113753356446977,0.008125151668007886,0.03553140824693743
