prob,dialectness,score,macro_score
0.35533883631112984,0.499914887327468,0.18179746970073665,0.4633448212980107
