prob,dialectness,score,macro_score
0.006990316590236034,0.5632809952273965,0.003984039808231254,0.029042638730081453
