prob,dialectness,score,macro_score
0.4950933630042709,0.5832182620838284,0.31013043359992265,0.5545521702529893
