prob,dialectness,score,macro_score
0.3359709080308676,0.48068938533775507,0.18484081235330074,0.4176425086415164
