prob,dialectness,score,macro_score
0.34754649392855963,0.6239993873268667,0.23714055408478957,0.5741582962214662
