prob,dialectness,score,macro_score
0.04073675505310118,0.5590964430246992,0.024384381127360195,0.20036436463962035
