prob,dialectness,score,macro_score
0.002264870682877084,0.5523425413464959,0.0011884627521096735,0.03469050900618656
