prob,dialectness,score,macro_score
0.15086385357106338,0.6603108911216259,0.09298742952607832,0.09444811028202148
