prob,dialectness,score,macro_score
0.3174826985882828,0.5376581194298342,0.16988642433323198,0.17709844763826726
