prob,dialectness,score,macro_score
0.08698700783454115,0.4816922897752374,0.03607825544206967,0.080537318504036
