prob,dialectness,score,macro_score
0.04305198312236697,0.6033873289183835,0.0238109697342296,0.11879550738757856
