prob,dialectness,score,macro_score
0.0684185853182862,0.4961522045312449,0.036048699414117744,0.1947605690548807
