prob,dialectness,score,macro_score
0.10461929415017948,0.5828787012398243,0.06385840682646116,0.1924960999321367
