prob,dialectness,score,macro_score
0.454361662504703,0.6127318863314811,0.2647769041095132,0.30373785870906767
