prob,dialectness,score,macro_score
0.19899315872632975,0.6139602892928653,0.13340589920635418,0.13913818461255323
