prob,dialectness,score,macro_score
0.01996824734243376,0.510597856320215,0.0072988195475504145,0.033623797110882224
