prob,dialectness,score,macro_score
0.4484405811247416,0.6011993085592985,0.2731680983914895,0.585560174891683
