prob,dialectness,score,macro_score
0.5297215137974126,0.5013434966892237,0.2869182803265638,0.2942800154623497
