prob,dialectness,score,macro_score
0.03216396012077894,0.4815594914369285,0.005999432885384272,0.022041862869090992
