prob,dialectness,score,macro_score
0.23321904391203208,0.6056048334999518,0.1582121135996446,0.5252922863812856
