prob,dialectness,score,macro_score
0.006577266841195524,0.4837947295058984,0.003296890118449693,0.044368826349983514
