prob,dialectness,score,macro_score
0.06798470837486092,0.5561266633868217,0.03164613035009948,0.07026002535618335
