prob,dialectness,score,macro_score
0.06718357781676623,0.795488314368786,0.05553691114916205,0.12388194473672555
