prob,dialectness,score,macro_score
0.8001807331352029,0.5297262612544,0.42680018362060534,0.4355939897398767
