prob,dialectness,score,macro_score
0.7445527708833106,0.657205895781517,0.5071291162521653,0.5278786058046252
