prob,dialectness,score,macro_score
0.030559998685785104,0.6108527671732008,0.019185709602903465,0.04217163389052226
