prob,dialectness,score,macro_score
0.08666637923939562,0.7360450254380703,0.06648688785077317,0.31404445919588486
