prob,dialectness,score,macro_score
0.05937472197179612,0.7522962049490982,0.05121799970181036,0.6815114459440917
