prob,dialectness,score,macro_score
0.08982400180597323,0.6244098427146674,0.06516014357768408,0.1359553957243493
