prob,dialectness,score,macro_score
0.933585820090957,0.7787999199330806,0.7418627535960645,0.7459478890852549
