prob,dialectness,score,macro_score
0.15926974617294035,0.7302035090513528,0.1119449753107707,0.6349622658160253
