prob,dialectness,score,macro_score,SpBLEU_corpus_score,ChrF_corpus_score
0.6266238991396677,0.6746294309973018,0.4797778589162591,0.5076281487863402,0.14426705840017373,0.3347179404775302
