prob,dialectness,score,macro_score,SpBLEU_corpus_score,ChrF_corpus_score
0.6018467513400537,0.648948702297057,0.4660551948765335,0.4990451041688965,0.14275352588501827,0.33680325389071547
