prob,dialectness,score,macro_score,SpBLEU_corpus_score,ChrF_corpus_score
0.5887956570935785,0.5018030259187799,0.34666768832467276,0.37288938066377936,0.3047307669119507,0.49410312213149155
