prob,dialectness,score,macro_score
0.9364270403236151,0.8395878672786057,0.7889818777835482,0.7929409579151395
