prob,dialectness,score,macro_score
0.9266764649620746,0.7448904741182923,0.6965890888506223,0.6975294348203258
