prob,dialectness,score,macro_score
0.9034630980808288,0.8476746591925621,0.7779458050934244,0.7786757856681548
