prob,dialectness,score,macro_score
0.0037839146833067213,0.07969801571935115,0.0009198414125955629,0.002383656406749832
