prob,dialectness,score,macro_score
0.5203461872626213,0.524932304546237,0.292000767633118,0.49577562934900926
