prob,dialectness,score,macro_score
0.22637742840801367,0.5374883431568742,0.11843124681274907,0.12963330575481208
