prob,dialectness,score,macro_score
0.5163877234765095,0.6694874377548694,0.34918579356034646,0.645527776354446
