prob,dialectness,score,macro_score
0.01590750339644728,0.48018999621272085,0.004845000924081352,0.044966505484385494
