prob,dialectness,score,macro_score
0.00121579068607646,0.08797930060613035,0.0006979237672141694,0.012810071689563253
