prob,dialectness,score,macro_score
0.00023916962622980013,0.09852452485850363,8.457023569768419e-05,0.00461876136120463
