prob,dialectness,score,macro_score
0.672509722703835,0.47426318941637874,0.3256545902049915,0.3281463826727296
