prob,dialectness,score,macro_score,SpBLEU_corpus_score,ChrF_corpus_score
0.5901237775947084,0.6275618352062884,0.43645966220366184,0.46447197995212036,0.16214835949525422,0.36607643721575533
