prob,dialectness,score,macro_score,SpBLEU_corpus_score,ChrF_corpus_score
0.6587188370611693,0.5398985538640408,0.4123769970094054,0.43778369318672816,0.2059855654451119,0.4030443369663682
