prob,dialectness,score,macro_score,SpBLEU_corpus_score,ChrF_corpus_score
0.6035265952533518,0.696402562991716,0.4868299450404189,0.5231074872689848,0.17039324160451996,0.3537863653438867
