prob,dialectness,score,macro_score
0.01846100724331336,0.38810107178986075,0.012230271134662941,0.04719852605962969
