prob,dialectness,score,macro_score
0.24480381427449174,0.4024881983734667,0.1740238591669515,0.19590256745896822
