prob,dialectness,score,macro_score
0.13879434756818226,0.3381009265594184,0.0851132478680027,0.09393313548584992
