prob,dialectness,score,macro_score
0.0042434742853235735,0.3369010804541489,0.0017507224224417115,0.1172903968790958
