prob,dialectness,score,macro_score
0.08775252029161493,0.28785868364735506,0.027032829860988317,0.11747325096457856
