prob,dialectness,score,macro_score
0.3455138434690889,0.3244392378348857,0.17466421218182038,0.19795966473497312
