prob,dialectness,score,macro_score
0.0021808316829265094,0.36548223566263915,0.0008056179952680511,0.11204934064988135
