prob,dialectness,score,macro_score
0.046926614392432384,0.3959565257932991,0.02629236726653599,0.09735454013705887
