prob,dialectness,score,macro_score
0.09591867798983003,0.3674187076091766,0.03156174961166111,0.12495590810095974
