prob,dialectness,score,macro_score
0.045388873734191294,0.40398920660838483,0.026796254708124505,0.05191434744839829
