prob,dialectness,score,macro_score
0.17388490767523762,0.324237007945776,0.0780284234619874,0.11422774228524252
