prob,dialectness,score,macro_score
0.17188445108193265,0.6547584587545134,0.11362003433069251,0.4808824912140265
