prob,dialectness,score,macro_score
0.016203378387144765,0.3266973778605461,0.00793152032008438,0.09202552142590534
