prob,dialectness,score,macro_score
0.007076989668208766,0.3302396120599065,0.0030539764619328127,0.014417899717269714
