prob,dialectness,score,macro_score
0.9167456966452301,0.6779864308983088,0.6289476510542197,0.6332802706834018
