prob,dialectness,score,macro_score,SpBLEU_corpus_score,ChrF_corpus_score
0.24466781287228515,0.5065903631481342,0.1313021280925188,0.23565804789344164,0.14423964304179784,0.3518727473896477
