prob,dialectness,score,macro_score,SpBLEU_corpus_score,ChrF_corpus_score
0.17638137646077667,0.2110023974691285,0.10568656853060428,0.11936892530065851,0.040603841540301715,0.12381874916666544
