prob,dialectness,score,macro_score,SpBLEU_corpus_score,ChrF_corpus_score
0.2994913236638604,0.5943655611530994,0.20144862581370362,0.4621482497720901,0.1264941168952496,0.3040181855107089
