prob,dialectness,score,macro_score,SpBLEU_corpus_score,ChrF_corpus_score
0.1216668780458349,0.5695098177657928,0.07691438868191859,0.19823670276009608,0.08753516638452996,0.30359823912209716
