prob,dialectness,score,macro_score,SpBLEU_corpus_score,ChrF_corpus_score
0.07894030802825,0.11000560063635931,0.04016538050027478,0.04502251209676753,0.020498318410901897,0.0674968947599185
