prob,dialectness,score,macro_score
0.5350636256992584,0.8120911864936352,0.4491683398920876,0.4892675992241099
