prob,dialectness,score,macro_score,SpBLEU_corpus_score,ChrF_corpus_score
0.6575535224750638,0.6776545748056378,0.5034952473743467,0.5233610106731097,0.178393962221778,0.36388770147629546
