prob,dialectness,score,macro_score,SpBLEU_corpus_score,ChrF_corpus_score
0.6266463370947167,0.6477918439585483,0.474814484751136,0.5012784772989601,0.14470543528351862,0.34556916465793397
