prob,dialectness,score,macro_score,SpBLEU_corpus_score,ChrF_corpus_score
0.596165092123265,0.4676883100648411,0.3438715148892109,0.3689630491625591,0.34369452947246365,0.5230738641562399
