prob,dialectness,score,macro_score,SpBLEU_corpus_score,ChrF_corpus_score
0.6646763209693017,0.5503889681692817,0.4209122245090955,0.45105425853663744,0.189318339808854,0.39192407055404727
