prob,dialectness,score,macro_score
0.8928253636788577,0.8617695951461792,0.7706921646457329,0.7718604687653872
