prob,dialectness,score,macro_score
0.895709075947525,0.840749123407295,0.7756081632510277,0.7899991510663962
