prob,dialectness,score,macro_score,SpBLEU_corpus_score,ChrF_corpus_score
0.027606322435021865,0.14088039691676385,0.007216688593400898,0.017854442033740377,0.08102054194816494,0.16688575987075754
