prob,dialectness,score,macro_score,SpBLEU_corpus_score,ChrF_corpus_score
0.2982228006221703,0.46872812938847347,0.16339918934090641,0.247893510929383,0.16004020071098968,0.3606297994361086
