prob,dialectness,score,macro_score,SpBLEU_corpus_score,ChrF_corpus_score
0.07624638624751241,0.22248982938646805,0.04831183411477641,0.15072911233829836,0.050098471534712356,0.14322908859041356
