prob,dialectness,score,macro_score
0.10563086075533647,0.034487925447756425,0.012262094805802173,0.029246318408651873
