prob,dialectness,score,macro_score
0.09003433286881773,0.18931821443140506,0.02506525663306311,0.12536375983008768
