prob,dialectness,score,macro_score
0.5893879497924354,0.2729526917403564,0.19546628186033402,0.23374997117440935
