prob,dialectness,score,macro_score
0.19814185023437597,0.24911347210364437,0.07264271141532215,0.21596782891334348
