prob,dialectness,score,macro_score
0.09909070575959049,0.15950594722875394,0.030925720976506227,0.11801535472162182
