prob,dialectness,score,macro_score
0.7900532164104516,0.6579874427802861,0.564437266879747,0.5731200381174449
