prob,dialectness,score,macro_score
0.8249490560777485,0.52197111858055,0.46533751025591874,0.4730161399580098
