prob,dialectness,score,macro_score
0.8209602134738816,0.6672711605206132,0.585373700928255,0.5882184444261738
