prob,dialectness,score,macro_score
0.26722641178115736,0.3120597449154593,0.10705637451172922,0.2068823486104766
