prob,dialectness,score,macro_score
0.1652971999265719,0.10144825367839076,0.04363022259657992,0.0935886444650192
