prob,dialectness,score,macro_score
0.022100979380193165,0.25490510888630524,0.007334141766952328,0.16203394500618465
