prob,dialectness,score,macro_score
0.591205986677669,0.4508111520879902,0.3807589749636911,0.38409415379632805
