prob,dialectness,score,macro_score
0.07748161174196866,0.1737919834360946,0.0205957108821048,0.10321988246418203
