prob,dialectness,score,macro_score
0.24178269039548467,0.33708216215949505,0.1382687117455242,0.29246643595491373
