prob,dialectness,score,macro_score
0.18528031929190025,0.21984405632146858,0.06129435084693664,0.1794132065409628
