prob,dialectness,score,macro_score
0.11467964889156827,0.24503158143050568,0.05760058938878197,0.1638599974623849
