prob,dialectness,score,macro_score
0.08761199348402443,0.21704185262322426,0.027989348455116428,0.1431035312196779
