prob,dialectness,score,macro_score
0.16912985859438778,0.13491388973779977,0.02901498028394242,0.11211399719039251
