prob,dialectness,score,macro_score
0.1615541067982849,0.36566222899127754,0.07105314938756609,0.26185908027372606
