prob,dialectness,score,macro_score
0.13123421282856726,0.30254635709454303,0.06309532214491793,0.21806175268681527
