prob,dialectness,score,macro_score
0.4477335560740903,0.3028167434758507,0.23408667095050842,0.25001619806857195
