prob,dialectness,score,macro_score
0.5295481786192977,0.3746645104850177,0.29763875674721746,0.30178554331105856
