prob,dialectness,score,macro_score
0.09196116688205318,0.3405981267330786,0.03962242657445179,0.15711122935125005
