prob,dialectness,score,macro_score
0.45718621836276724,0.2948196320235729,0.2337346290103909,0.2450209084748137
