prob,dialectness,score,macro_score
0.5737263369141147,0.2306972342543304,0.20228246354072335,0.2178320967882739
