prob,dialectness,score,macro_score
0.5903328618756496,0.47966446875827384,0.39462463795926966,0.4021438989279742
