prob,dialectness,score,macro_score
0.1016627969313413,0.01364692116738297,0.003463273611287706,0.011773318037522018
