prob,dialectness,score,macro_score
0.6249532016192098,0.2680007591866888,0.21200054031270704,0.2553031900824486
