prob,dialectness,score,macro_score
0.7515037248728913,0.3316485147940693,0.3212645390304543,0.3240481003462522
