prob,dialectness,score,macro_score
0.1877240142413939,0.4247987155406736,0.09940290793444623,0.2569715031421278
