prob,dialectness,score,macro_score,SpBLEU_corpus_score,ChrF_corpus_score
0.6055035732888792,0.5602005661668954,0.3954531777590498,0.43307518317091803,0.2181087079617175,0.4105124758963347
