prob,dialectness,score,macro_score,SpBLEU_corpus_score,ChrF_corpus_score
0.5969607470202027,0.6437765253719409,0.44741884998343096,0.4660018582251603,0.09971785444881043,0.2904824025184562
