prob,dialectness,score,macro_score,SpBLEU_corpus_score,ChrF_corpus_score
0.29255687275959646,0.25982042450399606,0.18568845892754646,0.2030014976050271,0.07159646126939549,0.1727080647390371
