prob,dialectness,score,macro_score,SpBLEU_corpus_score,ChrF_corpus_score
0.08244889169669477,0.16189172262034845,0.041962651767752455,0.12723829596864908,0.04478032600247579,0.1247049453778466
