prob,dialectness,score,macro_score,SpBLEU_corpus_score,ChrF_corpus_score
0.6039382392307744,0.6586672156967688,0.4549709571561482,0.5004577715255044,0.1589985112752179,0.3624691461646975
