prob,dialectness,score,macro_score,SpBLEU_corpus_score,ChrF_corpus_score
0.6736278551127179,0.5727749591250904,0.4368596231082887,0.4725499208749676,0.19500793083613924,0.39144292487042875
