prob,dialectness,score,macro_score,SpBLEU_corpus_score,ChrF_corpus_score
0.6638117983136909,0.6808238761231769,0.5075760851872375,0.538558489049023,0.17011286408067122,0.36784072639228343
