prob,dialectness,score,macro_score,SpBLEU_corpus_score,ChrF_corpus_score
0.08646229978694464,0.01385592029459076,0.004190388103220038,0.006709452753471527,0.30819599215321924,0.5037255732845538
