prob,dialectness,score,macro_score,SpBLEU_corpus_score,ChrF_corpus_score
0.6293266703205882,0.6516576004831586,0.4716402846799133,0.5026538283570292,0.17227393451049727,0.36062425365716844
