prob,dialectness,score,macro_score,SpBLEU_corpus_score,ChrF_corpus_score
0.022325036991387607,0.05420414140447974,0.007448308052690026,0.008419517743724632,0.00019337780792595352,0.020972969083439284
