prob,dialectness,score,macro_score,SpBLEU_corpus_score,ChrF_corpus_score
0.6331485198746668,0.6475618671212579,0.4755513470705632,0.49916544100163196,0.15774679744452377,0.361163070711776
