prob,dialectness,score,macro_score,SpBLEU_corpus_score,ChrF_corpus_score
0.3491898477205541,0.5086210580100305,0.19869111083834273,0.4349281421480039,0.09439015345629224,0.2688217201266264
