prob,dialectness,score,macro_score
0.89494122879114,0.8246752088982612,0.7618805558059389,0.7688338235731448
