prob,dialectness,score,macro_score,SpBLEU_corpus_score,ChrF_corpus_score
0.06120218154406757,0.20021577823499684,0.029510943148589198,0.04780748298008884,0.06154272299879646,0.15780335967560585
