prob,dialectness,score,macro_score,SpBLEU_corpus_score,ChrF_corpus_score
0.2436155614911695,0.6047023370215903,0.18284676307185208,0.47321426630041985,0.13406434494167746,0.3150238624173815
