prob,dialectness,score,macro_score,SpBLEU_corpus_score,ChrF_corpus_score
0.3177840595646558,0.5328368060046341,0.19324743748451367,0.43880961997926254,0.09453611527041639,0.26655253776633014
