prob,dialectness,score,macro_score,SpBLEU_corpus_score,ChrF_corpus_score
0.06508564864809159,0.17582824335986516,0.03004501608321416,0.1125259217435336,0.06215319916320941,0.16936199317313072
