prob,dialectness,score,macro_score
0.5478362132830079,0.5333970945049077,0.31112536998081003,0.3169480161133455
