prob,dialectness,score,macro_score
0.19035731779178605,0.6637992876302451,0.12170032560315018,0.5022168004134003
