prob,dialectness,score,macro_score
0.8887615851283772,0.43758383395615963,0.40114028638167015,0.40590617406971885
