prob,dialectness,score,macro_score
0.16074471321742748,0.5577379652066157,0.10526442101287048,0.2506337495831201
