prob,dialectness,score,macro_score
0.17648059633473168,0.45663994014728815,0.06694126934755394,0.2613083055648032
