prob,dialectness,score,macro_score
0.16893815020492184,0.3525875306635862,0.0675894697196075,0.22509243307637672
