prob,dialectness,score,macro_score
0.6331323460384738,0.5058975750952959,0.3252131796220145,0.416555190640873
