prob,dialectness,score,macro_score
0.1164493224392983,0.6208308641348155,0.0788032189409176,0.2433674493440161
