prob,dialectness,score,macro_score
0.22573476585952448,0.617334061190486,0.16299402879177968,0.4867815524810887
