prob,dialectness,score,macro_score
0.29716457253001866,0.4916223837947473,0.1511901523367731,0.27685104761406876
