prob,dialectness,score,macro_score
0.8445245919347508,0.6128379009664059,0.5286595029113027,0.5563022877290892
