prob,dialectness,score,macro_score
0.0329462223147857,0.5394052582792938,0.017361863845576402,0.2748784544204105
