prob,dialectness,score,macro_score
0.11820260970786364,0.540882147409707,0.052902899397136084,0.41664901076088456
