prob,dialectness,score,macro_score
0.5627149560063844,0.6906835297413636,0.40993240530098146,0.417361668093277
