prob,dialectness,score,macro_score
0.1815975054251612,0.6190168815420475,0.13034339085972454,0.49037126110234774
