prob,dialectness,score,macro_score
0.27959788385301065,0.6910753239614841,0.20215152619090912,0.4462878493804682
