prob,dialectness,score,macro_score
0.6048386698533431,0.6718244671262801,0.43134492693678056,0.43935669482177636
