prob,dialectness,score,macro_score
0.14390531360695605,0.4313193048350513,0.07418968558056409,0.3014939209301201
