prob,dialectness,score,macro_score
0.25195750613667767,0.5687885520304553,0.17249633149566157,0.4465076295698095
