prob,dialectness,score,macro_score
0.13944730310933665,0.4877697932627052,0.08159045705002806,0.3650159149886866
