prob,dialectness,score,macro_score
0.008192826334389568,0.3831302483756376,0.003737495405023574,0.05279215478154267
