prob,dialectness,score,macro_score
0.08691398695285897,0.3405802151281387,0.04457172067521647,0.057407393622076495
