prob,dialectness,score,macro_score
0.015779962564120068,0.32280630682129413,0.009926554351726345,0.043460753060791564
