prob,dialectness,score,macro_score
0.041673423613683556,0.40725138088688256,0.02853098003216949,0.07658925717551136
