prob,dialectness,score,macro_score
0.22011390657018637,0.31815126253291964,0.11291669189043041,0.13658802132333622
