prob,dialectness,score,macro_score
0.0772159235777508,0.3085947432368994,0.027218672113781053,0.1674618609902281
