prob,dialectness,score,macro_score
0.05257182697706653,0.30603776306941594,0.028820672529752886,0.1484935931998248
