prob,dialectness,score,macro_score
0.04393789298017509,0.3214080470427871,0.025458249079696058,0.10655803612114355
