prob,dialectness,score,macro_score
0.14174247250310146,0.5397442022711039,0.10967277482814106,0.2916186933621663
