prob,dialectness,score,macro_score
0.001549888493755134,0.27472743324935434,0.0005720208818738051,0.10746376006232397
