prob,dialectness,score,macro_score
0.055812374832457864,0.36555341698229316,0.034829855755517954,0.06452119498673513
