prob,dialectness,score,macro_score
0.07927446231995418,0.3500741745904088,0.02977487787832784,0.16001006645360938
