prob,dialectness,score,macro_score
0.9255759975314141,0.6756268059834838,0.6345492579949614,0.6359344361474865
