prob,dialectness,score,macro_score
0.8885610399860888,0.8027210199832916,0.7348064807337669,0.7493045386175977
