prob,dialectness,score,macro_score
0.897410370707512,0.8274311369657517,0.7445238407950234,0.7454485643706968
