prob,dialectness,score,macro_score,SpBLEU_corpus_score,ChrF_corpus_score
0.03517537213263495,0.17832580726826563,0.013688237775059143,0.022844114564324426,0.04613468677777899,0.1358340440858078
