prob,dialectness,score,macro_score,SpBLEU_corpus_score,ChrF_corpus_score
0.26307635934936113,0.5879183214769,0.18127362436971192,0.46764329795945103,0.10303397266566833,0.31014898615294284
