prob,dialectness,score,macro_score,SpBLEU_corpus_score,ChrF_corpus_score
0.6315952473861398,0.6710014995490201,0.48248128836760285,0.5184963103267737,0.15729128050865596,0.3577175498409965
