prob,dialectness,score,macro_score,SpBLEU_corpus_score,ChrF_corpus_score
0.6191455233894522,0.6838663553679362,0.4939156519684226,0.5182532082973359,0.17261976767781106,0.36557690929825637
