prob,dialectness,score,macro_score,SpBLEU_corpus_score,ChrF_corpus_score
0.6487765418807976,0.569924102439545,0.4271300476061166,0.46588169176205985,0.17030921288562656,0.3724849768357966
