prob,dialectness,score,macro_score,SpBLEU_corpus_score,ChrF_corpus_score
0.25997852828586476,0.38679724765883294,0.11173962075421758,0.3244150197586002,0.2755022564928026,0.47489340342799574
