prob,dialectness,score,macro_score,SpBLEU_corpus_score,ChrF_corpus_score
0.2674715721573739,0.6011655131576117,0.18603453372171988,0.4935438082704961,0.17870385042954567,0.36324096745161205
