prob,dialectness,score,macro_score,SpBLEU_corpus_score,ChrF_corpus_score
0.2508655426229234,0.6221346466767136,0.16279118885285293,0.48820610035612505,0.1582505321680594,0.3615838465267796
