prob,dialectness,score,macro_score,SpBLEU_corpus_score,ChrF_corpus_score
0.6042739680857631,0.6531411297008163,0.4527340573625695,0.489194764908958,0.16819472212587325,0.36505204641806666
