prob,dialectness,score,macro_score,SpBLEU_corpus_score,ChrF_corpus_score
0.3656033387206844,0.43723565274151044,0.19303002169798955,0.30903945041667663,0.24043945542659803,0.42568355112433415
