prob,dialectness,score,macro_score,SpBLEU_corpus_score,ChrF_corpus_score
0.6495877191997715,0.6899674523249268,0.5067514449321101,0.53107150152536,0.18412632725904335,0.3696749779312383
