prob,dialectness,score,macro_score,SpBLEU_corpus_score,ChrF_corpus_score
0.23417121625716392,0.529268084380019,0.14533265154515976,0.252549036662462,0.174377096115835,0.38352358231570044
