prob,dialectness,score,macro_score,SpBLEU_corpus_score,ChrF_corpus_score
0.5970283381473565,0.5183674294370576,0.37311933288275756,0.40178775658999943,0.20297650878384876,0.40323219194753546
