prob,dialectness,score,macro_score,SpBLEU_corpus_score,ChrF_corpus_score
0.5194720467073785,0.4495614463009406,0.3114627368422147,0.3382313840043323,0.36814977557733386,0.5428773062212477
