prob,dialectness,score,macro_score,SpBLEU_corpus_score,ChrF_corpus_score
0.22740302810881985,0.2368248838564614,0.0764754595561525,0.14591208810900036,0.20924979334202157,0.4142558239136918
