prob,dialectness,score,macro_score,SpBLEU_corpus_score,ChrF_corpus_score
0.23308998248197896,0.4205910108872922,0.10774251238631301,0.32775292862558175,0.2042492820830274,0.4092103340982446
