prob,dialectness,score,macro_score,SpBLEU_corpus_score,ChrF_corpus_score
0.3197792066473266,0.5179863352276152,0.20496772209561484,0.40973435786145573,0.09928020793164664,0.28232041331985086
