prob,dialectness,score,macro_score,SpBLEU_corpus_score,ChrF_corpus_score
0.3529573633312248,0.46885844064585397,0.21333016475947178,0.39770954755402466,0.09939071009627262,0.29418589427192104
