prob,dialectness,score,macro_score,SpBLEU_corpus_score,ChrF_corpus_score
0.1353696815613148,0.29128486436151435,0.03840666663642271,0.0964834037733377,0.4604937894200362,0.617518494142784
