prob,dialectness,score,macro_score
0.9058010109886527,0.6263714729622006,0.5824936564509161,0.5842611460190771
