prob,dialectness,score,macro_score
0.8654851000057533,0.7727038591355085,0.6910079228328562,0.7115990971587037
