prob,dialectness,score,macro_score
0.08325467661794539,0.11067566230441585,0.060036883621394456,0.08948253907347237
