prob,dialectness,score,macro_score
0.028547307486805947,0.48898410545662047,0.006255129129069733,0.012043731071255542
