prob,dialectness,score,macro_score
0.6752373214511317,0.5938319626823068,0.39845850258535065,0.4084196890116458
