prob,dialectness,score,macro_score
0.0394918402586946,0.12398331168324056,0.024430939916386275,0.024635969472045948
