prob,dialectness,score,macro_score
0.01230942389946619,0.1632212201754252,0.01190635337875895,0.08735262601203769
