prob,dialectness,score,macro_score
0.053162547965621344,0.5979836763069034,0.026583490044292675,0.0442685133391279
