prob,dialectness,score,macro_score
0.00385070465359604,0.576987808085978,0.001846088074239322,0.010475293625062493
