prob,dialectness,score,macro_score,SpBLEU_corpus_score,ChrF_corpus_score
0.16746382042500044,0.6298882762854919,0.12065341471095596,0.32135627863619726,0.08766030326633761,0.29312695228776375
