prob,dialectness,score,macro_score,SpBLEU_corpus_score,ChrF_corpus_score
0.10060627984224993,0.5647558402526193,0.052017269643598076,0.15966462083365202,0.08559663361002448,0.2932910357094102
