prob,dialectness,score,macro_score,SpBLEU_corpus_score,ChrF_corpus_score
0.49577002278616417,0.6338136146776379,0.3722615669654278,0.41052457442209694,0.09905705074884638,0.3021893834103933
