prob,dialectness,score,macro_score,SpBLEU_corpus_score,ChrF_corpus_score
0.6273482879123184,0.5149385614000493,0.39381977483196606,0.4218828639148819,0.32508842733479626,0.5009403574517345
