prob,dialectness,score,macro_score,SpBLEU_corpus_score,ChrF_corpus_score
0.6950129489865503,0.5808250444522127,0.45178185285649564,0.48628429394849554,0.1944334714105338,0.3935477455321703
