prob,dialectness,score,macro_score,SpBLEU_corpus_score,ChrF_corpus_score
0.5813251637583017,0.5091755608445965,0.349854323074098,0.3794420551410023,0.25501661410558635,0.4519830189643668
