prob,dialectness,score,macro_score,SpBLEU_corpus_score,ChrF_corpus_score
0.6382036457733193,0.5342959510104265,0.3831977892771274,0.41459799044137186,0.28009063971314113,0.46542801563882896
