prob,dialectness,score,macro_score,SpBLEU_corpus_score,ChrF_corpus_score
0.5681212677253643,0.4248824604053516,0.30483569219099027,0.3233567062562434,0.37523603514131737,0.5495682294358849
