prob,dialectness,score,macro_score,SpBLEU_corpus_score,ChrF_corpus_score
0.6258264371543192,0.646277710206341,0.47074335764437564,0.5053805856240726,0.15867586834301345,0.3620500682105257
