prob,dialectness,score,macro_score
0.8839134198357351,0.751228642873466,0.6900546480684585,0.6963150688349079
