prob,dialectness,score,macro_score
0.8359864171361551,0.614244189732708,0.5350439011216224,0.5378020184157429
