prob,dialectness,score,macro_score
0.866848315311363,0.7691711986064911,0.6873239602175876,0.6930550830893967
