prob,dialectness,score,macro_score
0.3606767715344904,0.533572465851903,0.2706842929351577,0.2927646549991052
