prob,dialectness,score,macro_score
0.319005728616612,0.5412015959620475,0.27590897963099953,0.31539604298861773
