prob,dialectness,score,macro_score
0.3236952985447715,0.5072075332701206,0.2551863374638912,0.2745448101570669
