prob,dialectness,score,macro_score
0.8850000195205212,0.6848771506547928,0.6195331956042186,0.6205773674603879
