prob,dialectness,score,macro_score
0.8005513476138003,0.5396837098896503,0.47283591973153494,0.47425507930968686
