prob,dialectness,score,macro_score,SpBLEU_corpus_score,ChrF_corpus_score
0.4312254896072409,0.516231202201161,0.26400108796059923,0.4636401783098548,0.09192073632749467,0.2781237173140901
