prob,dialectness,score,macro_score,SpBLEU_corpus_score,ChrF_corpus_score
0.5437517189876234,0.6409294687712099,0.41197723637493,0.44350086950655593,0.12884829849477336,0.33746283815169564
