prob,dialectness,score,macro_score,SpBLEU_corpus_score,ChrF_corpus_score
0.17496169999139966,0.6293776964972494,0.12921088034956443,0.37412001020237773,0.11583860369327173,0.3028078684592667
