prob,dialectness,score,macro_score,SpBLEU_corpus_score,ChrF_corpus_score
0.20191963294371817,0.5013181012717541,0.11270385168371963,0.17974201802407086,0.1386161305042404,0.3297643960839146
