prob,dialectness,score,macro_score,SpBLEU_corpus_score,ChrF_corpus_score
0.033334645460745375,0.511897374597902,0.01546488691851567,0.07702213230543459,0.1133930307264828,0.31347899166051657
