prob,dialectness,score,macro_score,SpBLEU_corpus_score,ChrF_corpus_score
0.31579743536494786,0.5225594331690808,0.19442761817941037,0.45716503140322584,0.0924555226000044,0.2677409517222874
