prob,dialectness,score,macro_score,SpBLEU_corpus_score,ChrF_corpus_score
0.03226982397485699,0.36233461110823556,0.004174189251881127,0.01874387703581096,0.33848045880932304,0.5279440226198814
