prob,dialectness,score,macro_score,SpBLEU_corpus_score,ChrF_corpus_score
0.041245218565927645,0.42535650920995977,0.017889157413371503,0.0817313415256137,0.18396408931055722,0.4029065934516269
