prob,dialectness,score,macro_score,SpBLEU_corpus_score,ChrF_corpus_score
0.20164507046483776,0.6098193847911898,0.13654844648789002,0.3416104332624261,0.1063349443180601,0.3086512263376494
