prob,dialectness,score,macro_score,SpBLEU_corpus_score,ChrF_corpus_score
0.5354157572369149,0.6822330012288876,0.4172126585456128,0.4489791287386455,0.14757699649090594,0.3284117347522992
