prob,dialectness,score,macro_score,SpBLEU_corpus_score,ChrF_corpus_score
0.021216782657102157,0.40302252070745453,0.006285960925377047,0.016075629496995113,0.11862426892126461,0.31881565167623316
