prob,dialectness,score,macro_score,SpBLEU_corpus_score,ChrF_corpus_score
0.21360896662488812,0.44589994213572937,0.11440728627819119,0.12957664108637096,0.273640474956364,0.46874310788991935
