prob,dialectness,score,macro_score,SpBLEU_corpus_score,ChrF_corpus_score
0.1016243507728359,0.545089359350386,0.05424337829077618,0.14380033828533126,0.12081310084721604,0.3356532902058093
