prob,dialectness,score,macro_score,SpBLEU_corpus_score,ChrF_corpus_score
0.16528967095902772,0.5263982310669962,0.10745881928963266,0.13663795130665077,0.1274645894678365,0.33255646652523274
