prob,dialectness,score,macro_score
0.8678541766153649,0.5996725051105023,0.5371757460165975,0.5398743126071194
