prob,dialectness,score,macro_score,SpBLEU_corpus_score,ChrF_corpus_score
0.5492246367729967,0.47133095828525257,0.3475327650672352,0.372025776172997,0.18822987283254414,0.3625544441100134
