prob,dialectness,score,macro_score,SpBLEU_corpus_score,ChrF_corpus_score
0.1661508515823516,0.1997011419746559,0.09533484751678131,0.10621274571301047,0.040253695288321775,0.10301751865883624
