prob,dialectness,score,macro_score
0.9204866072535515,0.891624026298523,0.8205049259732735,0.821517272938656
