prob,dialectness,score,macro_score
0.8930861187912523,0.8071518784761429,0.7275281708084055,0.7374133788400815
