prob,dialectness,score,macro_score
0.9111861929215956,0.9009431183338166,0.8321871824465527,0.8377501683336445
