prob,dialectness,score,macro_score
0.009312755299761192,0.550548673956655,0.003452103787893706,0.003740447968012676
