prob,dialectness,score,macro_score
0.000378266197977343,0.10276317265298632,0.0001253930944530388,0.007729479883453367
