prob,dialectness,score,macro_score
0.008675086719886167,0.4749057564465329,0.001954687419844837,0.0027935891545974524
