prob,dialectness,score,macro_score
0.0017037939991132588,0.5314170071482658,0.00015583905684727898,0.00121735810340902
