prob,dialectness,score,macro_score,SpBLEU_corpus_score,ChrF_corpus_score
0.6075501901842654,0.5846051314892248,0.403397299009222,0.4327523971405054,0.1285622154462356,0.3271069845005017
