prob,dialectness,score,macro_score,SpBLEU_corpus_score,ChrF_corpus_score
0.5784108620692859,0.6473057190925465,0.43942014153461,0.4693099999227175,0.14649956669924136,0.35141539060585386
