prob,dialectness,score,macro_score,SpBLEU_corpus_score,ChrF_corpus_score
0.6354397795992555,0.5294296244031284,0.3964511261958235,0.4258656032154696,0.21260328258461697,0.4076971982776603
