prob,dialectness,score,macro_score,SpBLEU_corpus_score,ChrF_corpus_score
0.6117413002444664,0.6524831627964158,0.4608229403428153,0.4933126999943855,0.1609729012925877,0.3597291947655282
