prob,dialectness,score,macro_score
0.7519727761170362,0.5500528593827039,0.4226087714798683,0.4769525696223981
