prob,dialectness,score,macro_score
0.2062559946917463,0.7103257602453232,0.14401467765905193,0.5354245904161284
