prob,dialectness,score,macro_score
0.1572947402720456,0.4457560009934241,0.07569348716488605,0.2799722401198974
