prob,dialectness,score,macro_score
0.18397861329533044,0.6447292562574148,0.1363606698806091,0.4684095003804984
