prob,dialectness,score,macro_score
0.13874630574835464,0.4540467688115314,0.05691422512510011,0.2575580738610621
