prob,dialectness,score,macro_score
0.8762457207293483,0.44088135547935964,0.4090965151624111,0.4203389312159793
