prob,dialectness,score,macro_score
0.8734602054028073,0.7206617383658886,0.6387491524195501,0.6414759737332305
