prob,dialectness,score,macro_score
0.8292446476756595,0.8408636599779129,0.7063784030224671,0.7082168360691662
