prob,dialectness,score,macro_score
0.1115655549233892,0.6093463166466644,0.08085736008329496,0.29960867030460436
