prob,dialectness,score,macro_score
0.28466268387681337,0.44977095290319996,0.14846467705244637,0.30402194796622006
