prob,dialectness,score,macro_score
0.6200463694828795,0.4979417645931244,0.3456846715136709,0.3489295127976911
