prob,dialectness,score,macro_score
0.02211746289365692,0.5451037274231203,0.012693887063938019,0.2507902738353341
