prob,dialectness,score,macro_score
0.1429803985383478,0.32457521501928566,0.04691391923602382,0.18394993596293333
