prob,dialectness,score,macro_score
0.18116013072103251,0.537622397400214,0.08232564065728491,0.44244079793486607
