prob,dialectness,score,macro_score,SpBLEU_corpus_score,ChrF_corpus_score
0.508111790154071,0.40705546419136224,0.27854171394208244,0.2937967350895995,0.3570471247598324,0.5362840672798233
