prob,dialectness,score,macro_score,SpBLEU_corpus_score,ChrF_corpus_score
0.4917517306347145,0.4296100576268509,0.29567174202696733,0.32361724514660617,0.22075635585309605,0.4177862885042049
