prob,dialectness,score,macro_score,SpBLEU_corpus_score,ChrF_corpus_score
0.5717124734455138,0.6371934628451709,0.45072161695026636,0.4708947948184373,0.15111102377995198,0.35078862027251617
