prob,dialectness,score,macro_score,SpBLEU_corpus_score,ChrF_corpus_score
0.49447173670356276,0.6573762744903797,0.38556549839596954,0.4167129405992597,0.061334616962713674,0.22283680705786804
