prob,dialectness,score,macro_score,SpBLEU_corpus_score,ChrF_corpus_score
0.46941196146624864,0.5200761233194499,0.30523426065997333,0.3321817227882002,0.12046655703004909,0.32248599897397723
