prob,dialectness,score,macro_score,SpBLEU_corpus_score,ChrF_corpus_score
0.6062543358269613,0.6776783585298108,0.463687413227191,0.4911541393751298,0.16626840512705823,0.3560029019112499
