prob,dialectness,score,macro_score
0.8942534660361707,0.7999071865528822,0.7345955029566459,0.7360713219979934
