prob,dialectness,score,macro_score
0.8603675605071476,0.6903324362635612,0.6030977465381706,0.6083672826277823
