prob,dialectness,score,macro_score
0.8059911174752051,0.7736430172959808,0.6435030464383215,0.6453482660291862
