prob,dialectness,score,macro_score
0.8411707145010587,0.76687552804593,0.6553783564636987,0.6663488393717819
