prob,dialectness,score,macro_score,SpBLEU_corpus_score,ChrF_corpus_score
0.5798817709300783,0.6128895572642796,0.4238849906364478,0.45136131363654813,0.12389734676447382,0.3311161769739541
