prob,dialectness,score,macro_score,SpBLEU_corpus_score,ChrF_corpus_score
0.06817117242491805,0.09405768481316044,0.020779248800442622,0.034896148905700836,0.06060943224964329,0.12781922359866943
