prob,dialectness,score,macro_score
0.8607592476916034,0.7756672375556082,0.6926980170239453,0.7041127794012687
