prob,dialectness,score,macro_score
0.8459234831016511,0.7793667060136795,0.6734822881218143,0.6834062956660758
