prob,dialectness,score,macro_score
0.3087893352319952,0.510883585526608,0.1573342472082796,0.47418143868102247
