prob,dialectness,score,macro_score,SpBLEU_corpus_score,ChrF_corpus_score
0.6188797127301222,0.5956185323232784,0.39862467289323883,0.44404736538956796,0.14238971636774467,0.33625800118533067
