prob,dialectness,score,macro_score,SpBLEU_corpus_score,ChrF_corpus_score
0.5854249378372333,0.642083387771272,0.428587211178491,0.4558138058056601,0.1296250262907698,0.3388345255170689
