prob,dialectness,score,macro_score,SpBLEU_corpus_score,ChrF_corpus_score
0.6347938970006362,0.695855126172537,0.4898596620977416,0.508780101559195,0.1476443442974059,0.32843912329901825
