prob,dialectness,score,macro_score,SpBLEU_corpus_score,ChrF_corpus_score
0.6013015686353902,0.7215933132939972,0.4821717965851222,0.5011354224075576,0.10902215203706328,0.2721897796043974
