prob,dialectness,score,macro_score,SpBLEU_corpus_score,ChrF_corpus_score
0.51386442877847,0.6363765722769312,0.36502223910582315,0.4311102618613537,0.10562240047464835,0.2768663824888589
