prob,dialectness,score,macro_score,SpBLEU_corpus_score,ChrF_corpus_score
0.6370771361788502,0.5220293369796127,0.38418457482008156,0.41534794168405087,0.20810417369579037,0.40674523369670523
