prob,dialectness,score,macro_score,SpBLEU_corpus_score,ChrF_corpus_score
0.5921354998914466,0.6187989442551043,0.43529777202409853,0.464545767673872,0.14983093269542655,0.34869746454818507
