prob,dialectness,score,macro_score,SpBLEU_corpus_score,ChrF_corpus_score
0.470329381351039,0.3736746891454095,0.2416705180617135,0.2605556641882514,0.4018253474738357,0.5701450819221998
