prob,dialectness,score,macro_score,SpBLEU_corpus_score,ChrF_corpus_score
0.6417783146785223,0.6793322438781615,0.4920648477555795,0.5148651416161136,0.15923727071872273,0.34816020980220036
