prob,dialectness,score,macro_score,SpBLEU_corpus_score,ChrF_corpus_score
0.630759569083748,0.5136825999175199,0.3767976078761421,0.39252506495083606,0.2845848436455977,0.4727390126729446
