prob,dialectness,score,macro_score,SpBLEU_corpus_score,ChrF_corpus_score
0.6102246777780238,0.6613562902470584,0.4656807044787277,0.5028847637924304,0.14464211956106782,0.34076871469774134
