prob,dialectness,score,macro_score,SpBLEU_corpus_score,ChrF_corpus_score
0.6913509228901239,0.5966945687585394,0.46410271101255773,0.496058955987788,0.1471436180565006,0.3491617281373042
