prob,dialectness,score,macro_score
0.020441171486810263,0.1139111877089799,0.0028375544650772826,0.0030180093376179213
