prob,dialectness,score,macro_score
0.0005146345763932913,0.4959647270105779,0.00012207334919221548,0.0005434061482826229
