prob,dialectness,score,macro_score
0.0008112767222337425,0.5722327842749655,0.000325038672211523,0.00043017219029076496
