prob,dialectness,score,macro_score
0.0003904234780929983,0.5331706224440131,0.00014775179310049714,0.0009717184996422029
