prob,dialectness,score,macro_score
0.001448087926255539,0.5693283462151885,0.00028718973176105835,0.00135091289829909
