prob,dialectness,score,macro_score
0.002752135351660069,0.12364272317952579,0.0012470408337669286,0.0019255742422245267
