prob,dialectness,score,macro_score
0.9867180538922549,0.585001422688365,0.5755541937339771,0.5830277988275
