prob,dialectness,score,macro_score
0.8822128349170089,0.8054090483486652,0.7121842361543032,0.7132317393692942
