prob,dialectness,score,macro_score
0.8693206674978137,0.8239830014109611,0.729088731003551,0.7377102471664766
