prob,dialectness,score,macro_score
0.8890749268481158,0.6816125298663974,0.6044542470571747,0.6168308565312138
