prob,dialectness,score,macro_score
0.8605569598596776,0.682726529315114,0.6199300867398947,0.6306749111041527
