prob,dialectness,score,macro_score
0.8623897912481334,0.5404457333963364,0.4830580258038968,0.4849349026539006
