prob,dialectness,score,macro_score
0.20574938484263838,0.46094597711227836,0.14226505825666524,0.17196990387694075
