prob,dialectness,score,macro_score
0.8511496206844459,0.7426479058898985,0.6644633781831085,0.6802484579940138
