prob,dialectness,score,macro_score
0.8678509879764169,0.6227498348429799,0.5603318817372258,0.5676979182180477
