prob,dialectness,score,macro_score
0.7827577641431708,0.796673723757267,0.6201678346192171,0.6305715689925245
