prob,dialectness,score,macro_score
0.856303447354585,0.6900323929637671,0.5958725821143998,0.5979386357830789
