prob,dialectness,score,macro_score
0.7787443797104061,0.8434732431173324,0.6700897356237266,0.6827426155495416
