prob,dialectness,score,macro_score
0.7239969150250545,0.7308884440362453,0.5348138386034866,0.5528729874298943
