prob,dialectness,score,macro_score
0.25018104013812265,0.614561891257763,0.15576623721997734,0.332834106418665
