prob,dialectness,score,macro_score
0.1729308867821237,0.5148891822155565,0.0749632523915265,0.45816861714158436
