prob,dialectness,score,macro_score
0.8948863344639539,0.5560516399017069,0.5144126488216003,0.5193586003603802
