prob,dialectness,score,macro_score
0.013696517661270318,0.09012039596534739,0.007342901185424196,0.009587252097072384
