prob,dialectness,score,macro_score
0.8353018044197233,0.6779069343116134,0.5983983115316692,0.6006157521355298
