prob,dialectness,score,macro_score
0.7824382296652765,0.5264889586984646,0.4653649535397852,0.47188272436956985
