prob,dialectness,score,macro_score
0.8005864444261533,0.6592796337255277,0.5836515267243708,0.5904369619627107
