prob,dialectness,score,macro_score
0.08271686064498028,0.059597066648285645,0.0011027492792325803,0.020473208535205692
