prob,dialectness,score,macro_score
0.1056063846447458,0.05943627388985602,0.004703864778228988,0.03606854928139613
