prob,dialectness,score,macro_score
0.3142102629256745,0.06664280346453641,0.03957375459036336,0.05040142155868439
