prob,dialectness,score,macro_score
0.5396416546788533,0.06781716820551083,0.06500535454283497,0.06543551846087377
