prob,dialectness,score,macro_score
0.13385204652440735,0.03544864950235933,0.0011149777928601023,0.026536347158953193
