prob,dialectness,score,macro_score
0.2619901625881903,0.00014081756991799922,6.382125509631076e-05,0.00010834058720195662
