prob,dialectness,score,macro_score
0.01795128881261035,0.08155045680163164,0.000770792296620504,0.024609085894070185
