prob,dialectness,score,macro_score
0.6456394321564585,0.08944301029201597,0.07891705808353876,0.08057160338253358
