prob,dialectness,score,macro_score
0.3268517515010899,0.05347631989978254,0.0194307829559371,0.039807735668597646
