prob,dialectness,score,macro_score
0.2731016072153579,0.028689934737049044,0.0019583593826042875,0.015427071012399134
