prob,dialectness,score,macro_score
0.2659406891266693,0.12123267036378195,0.07976984666672816,0.08026813417037311
