prob,dialectness,score,macro_score
0.22411885145353153,0.000678416145965457,0.00012639271214127885,0.00038909283386847433
