prob,dialectness,score,macro_score
0.4404370122030377,0.018685885582817717,0.007047323945486961,0.016254383699113945
