prob,dialectness,score,macro_score
0.1309528646119306,0.0653366029204923,0.006995734859931752,0.028122423055972557
