prob,dialectness,score,macro_score
0.16582676310092212,0.040863012286135925,0.0043343188546499265,0.02390215174838468
