prob,dialectness,score,macro_score
0.4201062176830601,0.1260573410335928,0.10272215019760864,0.10320213127570156
