prob,dialectness,score,macro_score
0.4019451454863884,0.13903897990589031,0.11079010803068119,0.11168479228749888
