prob,dialectness,score,macro_score
0.3482575960647955,0.029285195341799408,0.0066045264331280815,0.008872104349986035
