prob,dialectness,score,macro_score
0.8539396658074111,0.7906487815920263,0.6880326142769768,0.6959188855122513
