prob,dialectness,score,macro_score,SpBLEU_corpus_score,ChrF_corpus_score
0.5632148113907897,0.45262626253883353,0.31834370986679866,0.3406028463182133,0.3760136233034993,0.5482501403297901
