prob,dialectness,score,macro_score,SpBLEU_corpus_score,ChrF_corpus_score
0.6336262540534517,0.6723549369437387,0.4888892456022193,0.524071492683781,0.1866931790373055,0.37903050013339806
