prob,dialectness,score,macro_score,SpBLEU_corpus_score,ChrF_corpus_score
0.6255117186397547,0.5193671387591167,0.39315862240575156,0.41632961372192157,0.20586622918352832,0.3963901433174162
