prob,dialectness,score,macro_score,SpBLEU_corpus_score,ChrF_corpus_score
0.5939983034027683,0.4903148357718601,0.3494375295108074,0.37063092074042414,0.2868463774931489,0.48417277996872654
