prob,dialectness,score,macro_score,SpBLEU_corpus_score,ChrF_corpus_score
0.5955012856321992,0.7136785803898238,0.46563897097573,0.49393966723833216,0.1491620483451285,0.339623881689225
