prob,dialectness,score,macro_score
0.8266459664911963,0.7045406959205865,0.6073759417054374,0.6189906075369109
