prob,dialectness,score,macro_score
0.8173603522073245,0.6840609466284513,0.6037802235837232,0.6266675996801322
