prob,dialectness,score,macro_score
0.371971587734879,0.43159835450351236,0.2428912023477915,0.2565092348853903
