dataset,dialect_code,prob,dialectness,score,macro_score
BTEC,egy,0.371971587734879,0.43159835450351236,0.2428912023477915,0.2565092348853903
FLORES,egy,0.14954818701080513,0.2963878474012017,0.06556366826133518,0.06968901254107066
HABIBI,egy,0.08124094555911142,0.24166989251039922,0.02968389592591753,0.03612169924450584
