prob,dialectness,score,macro_score
0.8963838420459069,0.7953129097260535,0.7228332336880772,0.7247653503331264
