prob,dialectness,score,macro_score
0.8116412616451271,0.7918967586755753,0.6667384823959793,0.6736432259737007
