prob,dialectness,score,macro_score
0.890689643456135,0.6928730981051922,0.625673858256973,0.6290579833418887
