prob,dialectness,score,macro_score
0.9110832126392051,0.6977246662974358,0.6514685460046883,0.65582987885946
