prob,dialectness,score,macro_score
0.08037843440542929,0.6716269864141942,0.04738345701774104,0.12483399271752656
