prob,dialectness,score,macro_score
0.048329338018083944,0.7945347592234612,0.03941543682962925,0.2907218047791107
