prob,dialectness,score,macro_score
0.12917690583737568,0.7414949232339859,0.09771080659836817,0.23427687138465386
