prob,dialectness,score,macro_score,SpBLEU_corpus_score,ChrF_corpus_score
0.37513844263477947,0.30202734143211274,0.1631877857002243,0.17612705583637,0.2263838676102845,0.4698688651941032
