prob,dialectness,score,macro_score,SpBLEU_corpus_score,ChrF_corpus_score
0.5764377539732959,0.6395730323370663,0.43375771922570727,0.4553160023371743,0.1336467306719775,0.3075968400548812
