prob,dialectness,score,macro_score
0.9045645617088303,0.5617202875530347,0.5128367998708042,0.5191932257758345
