prob,dialectness,score,macro_score
0.1708483748150298,0.6212301772050183,0.12314170785742413,0.19117854251981678
