prob,dialectness,score,macro_score
0.7647381793628824,0.6189057048824098,0.5280907153014989,0.5316540679698099
