prob,dialectness,score,macro_score
0.07319810181186767,0.5924863347411156,0.036718816755735906,0.13661816891786727
