prob,dialectness,score,macro_score
0.14080928436946125,0.6477165791392326,0.09186472026635084,0.24124404523953
