prob,dialectness,score,macro_score
0.9116589932981879,0.6655479475483298,0.6191231207670445,0.6204696213750692
