prob,dialectness,score,macro_score
0.39819995120808016,0.6008949425816535,0.2249243558674635,0.2551711015867977
