prob,dialectness,score,macro_score
0.029745245493832045,0.5130673968978227,0.013530942237295986,0.09222116544688397
