prob,dialectness,score,macro_score
0.08283187515094095,0.5964750013869218,0.054446271702526715,0.5186549099489106
