prob,dialectness,score,macro_score
0.04144448632549029,0.542123656142503,0.015362862228730905,0.02485489175893494
