prob,dialectness,score,macro_score
0.10449228985526134,0.5826212645322084,0.06161032906604725,0.5414557063767265
