prob,dialectness,score,macro_score
0.2780032074672636,0.5647927745431661,0.15943644824859787,0.21262821610158206
