prob,dialectness,score,macro_score
0.0772492863864619,0.59101807835954,0.05373629734768811,0.24306410145814678
