prob,dialectness,score,macro_score
0.04342105199016673,0.5608190148316249,0.029128389717517057,0.1263436248475043
