prob,dialectness,score,macro_score
0.0034641038137488067,0.6157340801507235,0.0021645690872287384,0.040595370117507995
