prob,dialectness,score,macro_score
0.02503036677903811,0.5600005203500541,0.010798456224634163,0.029023618608160846
