prob,dialectness,score,macro_score
0.11311447637621314,0.5292593030631543,0.06670319681126236,0.1899678665642677
