prob,dialectness,score,macro_score
0.11123891246141283,0.46122399920015594,0.05790267615910287,0.17068222505792835
