prob,dialectness,score,macro_score
0.03534872307500336,0.43748070371802894,0.013595710989307692,0.03126033140567777
