prob,dialectness,score,macro_score
0.561840703143971,0.5189239376783371,0.28068734395273065,0.28220572162264795
