prob,dialectness,score,macro_score
0.24238470287178643,0.49135917820618485,0.1298883340745014,0.2128395072261712
