prob,dialectness,score,macro_score
0.22981899455742383,0.5715031039458934,0.13294808808702768,0.1781589423400035
