prob,dialectness,score,macro_score
0.16897640661569313,0.5112567079532891,0.08140243203591739,0.4440371970210697
