prob,dialectness,score,macro_score
0.0035816008454974215,0.5958165785655228,0.0020531102445430736,0.04476919121847462
